"PK_ORDER_ITEM_ID","ORDER_ITEM_CODE","ORDER_ITEM_DESCRIPTION","ORDER_ITEM_TYPE","ORDER_ITEM_PRIMARY_TYPE","ORDER_ITEM_PRIMARY_TYPE_NONSTD","count"
586185,"94010","SPIROMETRY (OFFICE)","PROCEDURES","PROCEDURES","Procedures",13
593022,"C7000320","VALPROIC ACID","LAB BLOOD ORDERABLES","LABORATORY","Lab",2
593127,"C1000090","CHOLESTEROL","LAB BLOOD ORDERABLES","LABORATORY","Lab",25
593182,"C1000115","GAMMA GT","LAB BLOOD ORDERABLES","LABORATORY","Lab",3
593232,"80162","CHG DRUG SCREEN QUANTITATIVE DIGOXIN TOTAL","LABORATORY","LABORATORY","Lab",4
593242,"C7000680","LITHIUM","LAB BLOOD ORDERABLES","LABORATORY","Lab",5
593283,"C9010005","ALDOSTERONE","LAB BLOOD ORDERABLES","LABORATORY","Lab",1
593290,"82055A","ETHANOL","LAB BLOOD ORDERABLES","LABORATORY","Lab",1
593306,"C9011240","VITAMIN B1(THIAMINE)","LAB BLOOD ORDERABLES","LABORATORY","Lab",2
593317,"C1000135","ALANINE AMINOTRANSFERASE","LAB BLOOD ORDERABLES","LABORATORY","Lab",4
593338,"CERU","CERULOPLASMIN","LAB BLOOD ORDERABLES","LABORATORY","Lab",1
593369,"C1000030","CREATININE,SERUM","LAB BLOOD ORDERABLES","LABORATORY","Lab",7
593400,"C3000160","FIBRINOGEN","LAB BLOOD ORDERABLES","LABORATORY","Lab",3
593517,"86225B","ANTI DNA","LAB BLOOD ORDERABLES","LABORATORY","Lab",2
593520,"C3501740","THYROID STIMULATING HORMONE","LAB BLOOD ORDERABLES","LABORATORY","Lab",99
593542,"C7000700","ZINC","LAB BLOOD ORDERABLES","LABORATORY","Lab",1
593615,"C0300092","PROTHROMBIN","LAB BLOOD ORDERABLES","LABORATORY","Lab",261
594007,"C1000120","CREATINE KINASE","LAB BLOOD ORDERABLES","LABORATORY","Lab",14
594043,"C1000136","CKMB","LAB BLOOD ORDERABLES","LABORATORY","Lab",2
594070,"C1002688","URINE ALBUMIN/CREATININE RATIO","LAB URINE ORDERABLES","LABORATORY","Lab",44
594088,"C2000620","SMEAR FOR PHYSICIAN (NOT REVIEWED BY PATHOLOGY)","LABORATORY","LABORATORY","Lab",2
594136,"C0400410","BLOOD GAS VENOUS (PH, PCO2, PO2, HCO3, BASE EXCESS, O2SAT)","LAB BLOOD ORDERABLES","LABORATORY","Lab",108
586071,"93224","XTRNL ECG & 24/48 HR RECORD SCAN STOR W/R&I","CARDIOLOGY","CARDIOLOGY PROCEDURES","Cardiology Procedures",3
592935,"TACROLI","TACROLIMUS (FK506)","LAB BLOOD ORDERABLES","LABORATORY","Lab",80
593121,"C3500425","CARCINOEMBRYONIC ANTIGEN","LAB BLOOD ORDERABLES","LABORATORY","Lab",16
593156,"C3500007","VITAMIN B12 AND FOLATE (AKA HEME EVAL-MEGAANEMIA)","LAB BLOOD ORDERABLES","LABORATORY","Lab",3
593254,"C7001150","TOBRAMYCIN TROUGH","LAB BLOOD ORDERABLES","LABORATORY","Lab",3
593257,"C7001110","VANCOMYCIN TROUGH","LAB BLOOD ORDERABLES","LABORATORY","Lab",2
593301,"C1000055","AMYLASE","LAB BLOOD ORDERABLES","LABORATORY","Lab",1
593433,"85651C","SEDIMENTATION RATE","LABORATORY","LABORATORY","Lab",6
593483,"C1000630","PRE-ALBUMIN","LAB BLOOD ORDERABLES","LABORATORY","Lab",3
593540,"C9010071","RENIN ACTIVITY","LAB BLOOD ORDERABLES","LABORATORY","Lab",1
593558,"C1000140","ASPARTATE AMINOTRANSFERASE","LAB BLOOD ORDERABLES","LABORATORY","Lab",4
593592,"C9010260","MISCELLANEOUS SEND OUT","LAB BLOOD ORDERABLES","LABORATORY","Lab",1
593720,"86160P","COMPLEMENT C4 FRACTION","LAB BLOOD ORDERABLES","LABORATORY","Lab",1
593786,"C1000065","PHOSPHORUS","LAB BLOOD ORDERABLES","LABORATORY","Lab",111
593792,"C1000210","SERUM OSMOLALITY","LAB BLOOD ORDERABLES","LABORATORY","Lab",3
594013,"C1000232","LACTIC ACID","LAB BLOOD ORDERABLES","LABORATORY","Lab",4
594026,"C1000465","URINE PROTEIN, 24 HOUR","LAB URINE ORDERABLES","LABORATORY","Lab",2
594041,"C1000060","CALCIUM","LAB BLOOD ORDERABLES","LABORATORY","Lab",9
594061,"C1000445","ELECTROLYTES (SODIUM & POTASSIUM), RANDOM URINE","LAB URINE ORDERABLES","LABORATORY","Lab",4
594361,"C2002512","MANUAL LEUKOCYTE DIFFERENTIAL","LABORATORY","LABORATORY","Lab",619
594409,"LDLDRCT","DIRECT LDL","LABORATORY","LABORATORY","Lab",5
594847,"C5001062","RHEUMATOID FACT QUANT 2 (LIO)","LABORATORY","LABORATORY","Lab",1
595023,"C3050060","LIO CPTPTT","LABORATORY","LABORATORY","Lab",3
593252,"80299F","RANDOM VANCOMYCIN LEVEL","LAB BLOOD ORDERABLES","LABORATORY","Lab",2
593300,"C7000410","TOTAL PLASMA HOMOCYSTEINE","LAB BLOOD ORDERABLES","LABORATORY","Lab",3
593337,"C9010102","VITAMIN D 25-OH","LABORATORY","LABORATORY","Lab",18
593358,"C2001518","CBC W DIFF-HEME PROF+ELEC DIFF","LABORATORY","LABORATORY","Lab",138
593368,"C3501840","DEHYDROEPIANDROSTERONE SULFATE","LAB BLOOD ORDERABLES","LABORATORY","Lab",1
593379,"C9010103","VITAMIN D 1,25-DIHYDROXY:NOT USED FOR SCREENING","LAB BLOOD ORDERABLES","LABORATORY","Lab",4
593441,"C3000120","APTT","LAB BLOOD ORDERABLES","LABORATORY","Lab",87
593451,"C1000810","IRON","LAB BLOOD ORDERABLES","LABORATORY","Lab",6
593457,"C1000145","LACTATE DEHYDROGENASE","LAB BLOOD ORDERABLES","LABORATORY","Lab",49
593524,"C1000805","TRANSFERRIN","LAB BLOOD ORDERABLES","LABORATORY","Lab",1
593530,"C1000095","TOTAL PROTEIN","LAB BLOOD ORDERABLES","LABORATORY","Lab",4
593531,"C1000080","URIC ACID","LAB BLOOD ORDERABLES","LABORATORY","Lab",54
593545,"C3501100","BETA-HCG/QUANT/PREGNANCY","LAB BLOOD ORDERABLES","LABORATORY","Lab",1
593697,"86140","C REACTIVE PROTEIN","LABORATORY","LABORATORY","Lab",1
593784,"C1000040","POTASSIUM","LAB BLOOD ORDERABLES","LABORATORY","Lab",3
593802,"C3510010","HEPATITIS B SURFACE ANTIBODY","LAB BLOOD ORDERABLES","LABORATORY","Lab",2
593865,"C3510117","HEPATITIS C ANTIBODY IGM + IGG WITH REFLEX TO HCV PCR","LAB BLOOD ORDERABLES","LABORATORY","Lab",2
594104,"C2001530","SEND OUT UA DIP ONLY","LABORATORY","LABORATORY","Lab",12
594289,"C2001910","CBC W DIFF-HEME PROF+ELEC DIFF","LAB AUTOCOMPLETE","LABORATORY","Lab",196
593095,"C1000625","APOLIPOPROTEIN A1 AND B","LAB BLOOD ORDERABLES","LABORATORY","Lab",21
585923,"93000","ELECTROCARDIOGRAM, COMPLETE","CARDIOLOGY","CARDIOLOGY PROCEDURES","Cardiology Procedures",961
586053,"93925","DUPLEX LO EXTREM ART BILAT","RADIOLOGY CPT CODES","IMAGING","Imaging",1
598262,"C9044300","PSA ULTRA SENSITIVE","LAB BLOOD ORDERABLES","LABORATORY","Lab",8
594998,"C3530064","PSA TOTAL","LAB BLOOD ORDERABLES","LABORATORY","Lab",6
595067,"CAR08","TRANSESOPHAGEAL ECHOCARDIOGRAM","CARDIOLOGY","CARDIOLOGY PROCEDURES","Cardiology Procedures",1
595254,"C3530063","PSA SCREENING","LAB BLOOD ORDERABLES","LABORATORY","Lab",16
595310,"CAR07","ECHOCARDIOGRAM, ROUTINE","CARDIOLOGY","CARDIOLOGY PROCEDURES","Cardiology Procedures",19
594975,"C2001535","URINALYSIS MICROSCOPICS","LABORATORY","LABORATORY","Lab",14
595021,"C3510159","HEPATITIS C VIRUS (HCV) QUANTITATION","LAB-MOLECULAR PATHOLOGY","LABORATORY","Lab",10
595026,"C9041360","FREE T3","LAB BLOOD ORDERABLES","LABORATORY","Lab",3
595053,"C5000080","ANCA TITER AND COMMENT","LAB BLOOD ORDERABLES","LABORATORY","Lab",2
595076,"C1050350","HEPATIC FUNCTION PANEL","LABORATORY","LABORATORY","Lab",260
595089,"C1000273","CREATININE CLEARANCE","LAB URINE ORDERABLES","LABORATORY","Lab",6
593075,"82103A","ALPHA 1 ANTITRYPSIN WITH PHENOTYPE","LAB BLOOD ORDERABLES","LABORATORY","Lab",1
593164,"C3501800","FOLATE","LAB BLOOD ORDERABLES","LABORATORY","Lab",6
593201,"80058C","LIVER EVALUATION (LIO ONLY)","LABORATORY","LABORATORY","Lab",13
593287,"C3501865","ALPHA FETOPROTEIN TUMOR MARKER (AFPNP)","LAB BLOOD ORDERABLES","LABORATORY","Lab",2
593393,"C3500400","FERRITIN","LAB BLOOD ORDERABLES","LABORATORY","Lab",21
593430,"C2000590","SEDIMENTATION RATE","LAB BLOOD ORDERABLES","LABORATORY","Lab",12
593439,"C1000070","LIPASE","LAB BLOOD ORDERABLES","LABORATORY","Lab",13
593474,"C1000075","MAGNESIUM","LAB BLOOD ORDERABLES","LABORATORY","Lab",241
593526,"C3501730","TRIIODOTHYRONINE","LAB BLOOD ORDERABLES","LABORATORY","Lab",10
593546,"C3501830","TESTOSTERONE, TOTAL","LAB BLOOD ORDERABLES","LABORATORY","Lab",7
593550,"C3501710","FREE THYROXINE","LAB BLOOD ORDERABLES","LABORATORY","Lab",13
593565,"C2000460","RETICULOCYTE COUNT","LAB BLOOD ORDERABLES","LABORATORY","Lab",3
593602,"C2001485","HEME PROFILE + ELECTRONIC DIFF","LABORATORY","LABORATORY","Lab",136
593607,"C2001905","CBC(HEME EVALUATION I) INACTIVE","LABORATORY","LABORATORY","Lab",18
593183,"C3501745","T4 T3U FTI","LAB BLOOD ORDERABLES","LABORATORY","Lab",60
593272,"C1000270","URINE TOTAL VOLUME","LAB URINE ORDERABLES","LABORATORY","Lab",3
593276,"C3501565","PROLACTIN","LAB BLOOD ORDERABLES","LABORATORY","Lab",2
593289,"C1000085","ALBUMIN","LAB BLOOD ORDERABLES","LABORATORY","Lab",7
593353,"82435A","CHLORIDE","LAB BLOOD ORDERABLES","LABORATORY","Lab",5
593365,"C3501790","VITAMIN B12 LEVEL","LAB BLOOD ORDERABLES","LABORATORY","Lab",19
593373,"C1000410","URINE CREATININE 24 HOUR","LAB URINE ORDERABLES","LABORATORY","Lab",2
593389,"C1010060","GLUCOSE (OGLU)","LAB BLOOD ORDERABLES","LABORATORY","Lab",8
593560,"C1000100","TRIGLYCERIDES","LAB BLOOD ORDERABLES","LABORATORY","Lab",26
593667,"86160O","COMPLEMENT C3 FRACTION","LAB BLOOD ORDERABLES","LABORATORY","Lab",1
593669,"C3050065","PT - COUMADIN Y/N, HEPARIN Y/N","LAB BLOOD ORDERABLES","LABORATORY","Lab",220
594127,"C0500270","NA/K (LIO)","LAB BLOOD ORDERABLES","LABORATORY","Lab",27
594188,"C5353200","IMMUNE DEFICIENCY EVALUATION (CD3, CD4 AND CD8 %, ABSOLUTE COUNT, AND CD4:CD8 RATIO)","LAB BLOOD ORDERABLES","LABORATORY","Lab",250
594278,"C9050005","ULTRA CENTRIFUGATION FOR LIPID","LABORATORY","LABORATORY","Lab",7
594351,"C2002520","OUTPATIENT DIFF","LABORATORY","LABORATORY","Lab",54
594417,"C3000060","PROTIME/ APTT","LAB BLOOD ORDERABLES","LABORATORY","Lab",167
594730,"C7007270","MYCOPHENOLIC ACID","LAB BLOOD ORDERABLES","LABORATORY","Lab",1
594733,"C1010347","LIPID SCREEN","LAB BLOOD ORDERABLES","LABORATORY","Lab",494
594839,"C1000463","URINE UREA NITROGEN RUUN (RANDOM)","LAB URINE ORDERABLES","LABORATORY","Lab",2
595071,"C2000023","WBC CORRECTED (LIO)","LAB BLOOD ORDERABLES","LABORATORY","Lab",18
595075,"CAR02","PERSANTINE NUCLEAR STRESS TEST","CARDIOLOGY","CARDIOLOGY PROCEDURES","Cardiology Procedures",1
595078,"C1010297","COMPREHENSIVE METABOLIC PANEL","LAB BLOOD ORDERABLES","LABORATORY","Lab",6063
595086,"C1000817","IRON/ TRANSFERRIN/ TRNSAT","LAB BLOOD ORDERABLES","LABORATORY","Lab",58
595321,"C9020092","METHYLMALONIC ACID, SERUM","LAB BLOOD ORDERABLES","LABORATORY","Lab",2
593632,"C3050075","APTT-COUMADIN Y/N, HEPARIN Y/N","LABORATORY","LABORATORY","Lab",12
593806,"C1000412","RANDOM URINE CREATININE","LAB URINE ORDERABLES","LABORATORY","Lab",6
594039,"C1000025","UREA NITROGEN","LAB BLOOD ORDERABLES","LABORATORY","Lab",10
594063,"C1000477","RANDOM URINE PROTEIN","LAB URINE ORDERABLES","LABORATORY","Lab",16
594182,"81002","OFFICE URINALYSIS W/OUT *","LABORATORY","LABORATORY","Lab",5
594201,"C3510180","HIV 1 QUANTITATION","LAB-MOLECULAR PATHOLOGY","LABORATORY","Lab",5
594342,"C1000227","HIGH DENSITY CHOLESTEROL","LAB BLOOD ORDERABLES","LABORATORY","Lab",10
598159,"C2001503","HEME PROFILE (LIO ONLY)","LABORATORY","LABORATORY","Lab",9
597070,"C0500280","CHLORIDE CRITICAL CARE","LAB BODY FLUIDS AND STOOLS","LABORATORY","Lab",3
598962,"C1001200","SERUM PROTEIN ELECTROPHORESIS","LAB BLOOD ORDERABLES","LABORATORY","Lab",23
597449,"C9010088","IMMUNUGLOBULIN E","LAB BLOOD ORDERABLES","LABORATORY","Lab",1
598896,"C0400160","IONIZED CALCIUM (CRITICAL CARE LAB)","LAB BLOOD ORDERABLES","LABORATORY","Lab",2
598897,"C2001522","FL DIFF","LABORATORY","LABORATORY","Lab",18
598960,"C9012000","CYCLIC CITRUL PEPTIDE AB, IGG","LAB BLOOD ORDERABLES","LABORATORY","Lab",1
594826,"C1010335","BASIC METABOLIC PANEL","LAB BLOOD ORDERABLES","LABORATORY","Lab",2344
594837,"C1000466","URINE PROTEIN/ URINE CRE RATIO","LAB URINE ORDERABLES","LABORATORY","Lab",30
595297,"C9041387","TESTOSTERONE, FREE","LAB BLOOD ORDERABLES","LABORATORY","Lab",4
595319,"C1001114","URINE PROTEIN ELECTROPHORESIS","LAB URINE ORDERABLES","LABORATORY","Lab",3
599080,"VITAMIND","VITAMIN D 25-OH (25 HYDROXY):SCREENING FOR VITAMIN D INSUFFICIENCY,MONITORNING RESPONSE TO THERAPY","LAB BLOOD ORDERABLES","LABORATORY","Lab",33
597213,"C1000850","HEMOGLOBIN A1C","LABORATORY","LABORATORY","Lab",3
597298,"C3000250","D-DIMER","LAB BLOOD ORDERABLES","LABORATORY","Lab",3
597439,"C3501896","INTACT PARATHYROID HORMONE","LAB BLOOD ORDERABLES","LABORATORY","Lab",14
597446,"C1010014","PANEL 5","LAB BLOOD ORDERABLES","LABORATORY","Lab",10
597945,"C2001907","CBC(HEME EVALUATION I)","LABORATORY","LABORATORY","Lab",108
598799,"C3510166","HEPATITIS C VIRUS, GENOTYPE (INCL QUANT)","MICRO/LABORATORY","LABORATORY","Lab",1
598907,"C2001521","FLUID COUNTS","LAB BODY FLUIDS AND STOOLS","LABORATORY","Lab",6
598985,"C3530090","HEMOGLOBIN A1C","LAB BLOOD ORDERABLES","LABORATORY","Lab",71
601472,"CAR14","EXERCISE ECHO STRESS TEST","CARDIOLOGY","CARDIOLOGY PROCEDURES","Cardiology Procedures",20
601533,"Q11320","QUEST PROTEIN, TOTAL, 24 HOUR URINE (W/O CREATININE)","QUEST/LABCORP LAB","LABORATORY","Lab",1
602618,"CM200019","LIVER EVALUATION PROFILE (A/G RATIO, ALB, ALP, ALT, AST, DBIL, GLOBULIN, INDBIL, TBIL, TP)","LAB BLOOD ORDERABLES","LABORATORY","Lab",109
600781,"C0500255","HEMATOCRIT CRITICAL CARE","LABORATORY","LABORATORY","Lab",3
601532,"C5504201","EPSTEIN BARR VIRUS ANTIBODY PROFILE (EBV VCA, IGG: EBV VCA, IGM: EBNA, EA)","LAB BLOOD ORDERABLES","LABORATORY","Lab",4
600365,"C2001537","URINALYSIS MICROSCOPIC","LAB URINE ORDERABLES","LABORATORY","Lab",7
600696,"C2001532","URINALYSIS DIPSTICK","LAB URINE ORDERABLES","LABORATORY","Lab",154
600712,"Q7573","QUEST TOTAL IRON BINDING CAPACITY","QUEST/LABCORP LAB","LABORATORY","Lab",3
612235,"Total Protein","MCODES_Total Protein HUP/PPMC","Lab HUP/PPMC/PAH","LABORATORY","Diagnostic",1
612337,"Serum Protein","LEAN Serum Protein","Lab LEAN Collect RN","LABORATORY","Diagnostic",6
611772,"CBC- w/out Diff (Heme Profile )","LEAN CBC- w/out Diff (Heme Profile )","Lab LEAN Collect RN","LABORATORY","Diagnostic",27
616180,"CBC/Platelets","CBC/Platelets PAH","Lab PAH Times","DIAGNOSTIC","Diagnostic",20
614724,"Rheumatoid Factor","LEAN Rheumatoid Factor","Lab LEAN Collect RN","LABORATORY","Diagnostic",1
606712,".-CBC with Diff","CBC with Diff Expired","Lab Times","DIAGNOSTIC","Diagnostic",436
600726,"C0400470","HBO (BLOOD GAS - LIO ONLY)","LABORATORY","LABORATORY","Lab",4
601462,"Q1715","QUEST TOTAL PROTEIN RANDOM URINE W CREATININE","QUEST/LABCORP LAB","LABORATORY","Lab",27
601477,"CAR17","EXERCISE NUCLEAR STRESS TEST","CARDIOLOGY","CARDIOLOGY PROCEDURES","Cardiology Procedures",1
612165,"Potassium Level","MCODES_Potassium Level HHUP/PPMC","Lab HUP/PPMC/PAH","LABORATORY","Diagnostic",1
612167,"Protein, CSF","LEAN Protein, CSF","Lab LEAN Collect RN","LABORATORY","Diagnostic",2
602148,"C0400475","COOXIMETRY PROFILE(HGB, O2 HGB, CARBOXYHGB, METHGB QN)","LAB BLOOD ORDERABLES","LABORATORY","Lab",5
602567,"CM200002","AUTOMATED DIFF","LAB BLOOD ORDERABLES","LABORATORY","Lab",4676
602882,"C0250350","CREATININE (HEMONC)","LAB BLOOD ORDERABLES","LABORATORY","Lab",139
600376,"C9041386","TESTOSTERONE FREE FEMALE/CHILD","LAB BLOOD ORDERABLES","LABORATORY","Lab",2
600409,"C0400405","BLOOD GAS ARTERIAL NON VENTED (PH, PCO2, PO2, HCO3, BASE EXCESS, O2SAT MEAS)","LAB BLOOD ORDERABLES","LABORATORY","Lab",66
600452,"C0400402","BLOOD GAS ARTERIAL VENTED (PH, PCO2, PO2, HCO3,  O2SAT MEAS, BASE EXCESS)","LAB BLOOD ORDERABLES","LABORATORY","Lab",35
601185,"C1000605","HAPTOGLOBIN","LAB BLOOD ORDERABLES","LABORATORY","Lab",1
602617,"CM200029","C-REACTIVE PROTEIN, HIGH SENSITIVITY (CARDIAC/NEONATAL)","LAB BLOOD ORDERABLES","LABORATORY","Lab",12
602837,"CM200004","GLOMERULAR FILTRATION RATE-ESTIMATED","LAB BLOOD ORDERABLES","LABORATORY","Lab",302
601437,"C9050050","ULTRA CENTRIFUGATION FOR LIPID","LAB BLOOD ORDERABLES","LABORATORY","Lab",32
601986,"PFT","PULMONARY FUNCTION TESTING","PROCEDURES","PROCEDURES","Procedures",368
601989,"PULM04","PULMONARY REHAB & CONDITIONING","PROCEDURES","PROCEDURES","Procedures",6
602018,"C3510502","CYTOMEGALOVIRUS - QUANTITATIVE PCR","LAB-MOLECULAR PATHOLOGY","LABORATORY","Lab",2
602193,"C2001490","HEME PROFILE + ELECT DIFF","LAB BLOOD ORDERABLES","LABORATORY","Lab",5242
603310,"VASC16","VASC US LOWER EXTREMITY VEINS BILATERAL (93970)","CV VASCULAR ORDERABLES","VASCULAR ULTRASOUND","Vascular Ultrasound",1
603643,"VASC18","VASC US LOWER EXTREMITY VEINS UNILATERAL (93971)","CV VASCULAR ORDERABLES","VASCULAR ULTRASOUND","Vascular Ultrasound",2
603667,"LIVERIN","LIVER INJURY PROFILE (ALP, ALT, AST, DBIL, INDBIL, TBIL)","LAB BLOOD ORDERABLES","LABORATORY","Lab",42
604025,"T4ONLY","T4 LEVEL ONLY","LAB BLOOD ORDERABLES","LABORATORY","Lab",1
604149,"93000W","ELECTROCARDIOGRAM, OFFICE","CARDIOLOGY","CARDIOLOGY PROCEDURES","Cardiology Procedures",76
601483,"C0200022","GLUCOSE (PLASMA POC)","LABORATORY","LABORATORY","Lab",306
602158,"C2001509","HEME PROFILE CBC","LAB BLOOD ORDERABLES","LABORATORY","Lab",747
603295,"VASC01","VASC US CAROTID BILATERAL (93880)","VASCULAR ULTRASOUND ORDERABLES","IMAGING","Imaging",747
603661,"C0500305","GLUCOSE - WHOLE BLOOD","LAB BLOOD ORDERABLES","LABORATORY","Lab",6
603761,"HLAPOST","HLA POST TRANSPLANT ANTIBODY","LAB BLOOD ORDERABLES","LABORATORY","Lab",2
603783,"VCM","VARIAN COURSE MESSAGE","PROCEDURES","PROCEDURES","Procedures",108
603851,"VSM","VARIAN SESSION MESSAGE","PROCEDURES","PROCEDURES","Procedures",1264
602956,"CM200018","HEPATIC FUNCTION PANEL","LAB BLOOD ORDERABLES","LABORATORY","Lab",261
606994,"Hepatitis C Virus Quantitation","MCODES_Hepatitis C Virus Quantitation","Lab HUP/PPMC/PAH","LABORATORY","Diagnostic",2
602883,"1000190","DIRECT BILIRUBIN GROUP (INCLUDES TOTAL, DIRECT, AND INDIRECT)","LAB BLOOD ORDERABLES","LABORATORY","Lab",9
607099,"Creatinine, Serum","MCODES_Creatinine Level","Lab HUP/PPMC/PAH","LABORATORY","Diagnostic",2
608200,"CBC/Diff/Platelets","CBC/Diff/Platelets PAH","Lab PAH TIMED Times","DIAGNOSTIC","Diagnostic",20
603571,"61941","PTH,INTACT AND CALCIUM","QUEST/LABCORP LAB","LABORATORY","Lab",4
603697,"93306","ECHO HEART XTHORACIC,COMPLETE W DOPPLER","CARDIOLOGY","CARDIOLOGY PROCEDURES","Cardiology Procedures",335
607179,"Basic Metabolic Panel (P7)","LEAN Basic Metabolic Panel (P7)","Lab LEAN Collect RN","LABORATORY","Diagnostic",16
613181,"Chloride, Critical Care","MCODES_Chloride, Critical Care.","Lab HUP/PPMC/PAH","LABORATORY","Diagnostic",1
608803,"Magnesium Level","MCODES_Magnesium Level HUP/PPMC","Lab HUP/PPMC/PAH","LABORATORY","Diagnostic",17
608922,"Protime","LEAN Protime","Lab LEAN Collect RN","LABORATORY","Diagnostic",18
608277,"PT/ PTT","MCODES_PT/PTT PAH","Lab HUP/PPMC/PAH","LABORATORY","Diagnostic",3
614823,"Ferritin","LEAN Ferritin","Lab LEAN Collect RN","LABORATORY","Diagnostic",2
608934,"Venous Blood Gas","LEAN Venous Blood Gas.","Lab LEAN Collect RN","LABORATORY","Diagnostic",18
608838,"CO2 Content","MCODES_CO2 Content HUP/PPMC","Lab HUP/PPMC/PAH","LABORATORY","Diagnostic",1
609043,".CBC (w/o Diff)","CBC without Diff Expired","Lab Times w Discharge","DIAGNOSTIC","Diagnostic",198
615289,"Glucose (Whole Blood)","LEAN Glucose (Whole Blood)","Lab LEAN Collect RN","LABORATORY","Diagnostic",1
610336,"Lactic Acid (Critical Care)","LEAN Lactic Acid (Critical Care)","Lab LEAN Collect RN","LABORATORY","Diagnostic",8
614889,"CK-MB","LEAN CK-MB","Lab LEAN Collect RN","LABORATORY","Diagnostic",16
608706,"Mycophenolic Acid","MCODES_Mycophenolic Acid","Lab HUP/PPMC/PAH","LABORATORY","Diagnostic",2
608907,"Iron/Transferrin","LEAN Iron/Transferrin","Lab LEAN Collect RN","LABORATORY","Diagnostic",4
608914,"Glucose","MCODES_Glucose HUP-O PAH-Result","Lab HUP/PPMC/PAH","LABORATORY","Diagnostic",31
609023,"Random Urine Creatinine","LEAN Random Urine Creatinine","Lab LEAN Collect RN","LABORATORY","Diagnostic",2
613083,"Fluid Cell Count","LEAN Fluid Cell Count","Lab LEAN Collect RN","LABORATORY","Diagnostic",17
614289,"Total Bilirubin","MCODES_Total Bilirubin HUP/PPMC","Lab HUP/PPMC/PAH","LABORATORY","Diagnostic",1
614401,"Calcium","MCODES_Calcium Level HUP/PPMC","Lab HUP/PPMC/PAH","LABORATORY","Diagnostic",15
610613,"Urine Dipstick","LEAN Urine Dipstick-HUP/PMC","Lab LEAN Collect RN","LABORATORY","Diagnostic",15
614370,"Fibrinogen Level","LEAN Fibrinogen","Lab LEAN Collect RN","LABORATORY","Diagnostic",1
614679,"Glucose, CSF","LEAN Glucose, CSF","Lab LEAN Collect RN","LABORATORY","Diagnostic",1
612036,"D-Dimer - HUP","LEAN D-Dimer - HUP","Lab LEAN Collect RN","LABORATORY","Diagnostic",1
610328,"Urinalysis panel","LEAN Urinalysis panel","Lab LEAN Collect RN","LABORATORY","Diagnostic",8
611903,"Iron","LEAN Iron","Lab LEAN Collect RN","LABORATORY","Diagnostic",2
612150,"CBC W/Diff  (Heme Profile+Elect Diff)","LEANCBCW/Diff (Heme Profile+Elect Diff)","Lab LEAN Collect RN","LABORATORY","Diagnostic",228
612368,"BUN","MCODES_BUN HUP/PPMC","Lab HUP/PPMC/PAH","LABORATORY","Diagnostic",3
611607,"10012001","UNKNOWN item template","Lab Times","DIAGNOSTIC","Diagnostic",6
623192,".Urinalysis","zzUrinalysis Macroscopic/Microscopic","Lab Times","DIAGNOSTIC","Diagnostic",2
627040,"Direct Bilirubin (D BILI)","LEAN Direct Bilirubin (D BILI)","Lab LEAN Collect RN","LABORATORY","Diagnostic",4
624598,"Amylase","LEAN Amylase","Lab LEAN Collect RN","LABORATORY","Diagnostic",9
621213,".Manual Leukocyte Differential","LEAN Manual Leukocyte Differential","Lab LEAN Collect RN","LABORATORY","Diagnostic",52
624466,"Sedimentation Rate (ESR)","LEAN Sedimentation Rate (ESR)","Lab LEAN Collect RN","LABORATORY","Diagnostic",3
624639,"Liver Injury Panel","LEAN Liver Injury Panel","Lab LEAN Collect RN","LABORATORY","Diagnostic",79
616981,"Chloride Serum","LEAN Chloride","Lab LEAN Collect RN","LABORATORY","Diagnostic",36
624530,"Lipase","LEAN Lipase","Lab LEAN Collect RN","LABORATORY","Diagnostic",8
625890,"5 Part Diff.","5 Part Diff PAH","Lab PAH Times","DIAGNOSTIC","Diagnostic",10
617064,".Cardiac Panel-HUP","LEAN Cardiac Panel-HUP.","Lab LEAN Collect RN","LABORATORY","Diagnostic",37
618315,".BUN/CRE","LEAN BUN/CRE PMC LIO","Lab LEAN Collect RN","LABORATORY","Diagnostic",2
618384,"Electrolyte Panel 7","Electrolyte Panel 7 PAH","Lab PAH Times","DIAGNOSTIC","Diagnostic",16
620596,"LDH","LEAN LDH","Lab LEAN Collect RN","LABORATORY","Diagnostic",1
621299,"Comprehensive Metabolic Panel - Outpats","LEAN ComprehensiveMetabolicPanelOutpats.","Lab LEAN Collect RN","LABORATORY","Diagnostic",14
626469,"Urinalysis.","CAUTI_Urinalysis PAH","Lab PAH MD/RN Collect","DIAGNOSTIC","Diagnostic",2
622168,"Sodium/Potassium","LEAN Sodium/Potassium","Lab LEAN Collect RN","LABORATORY","Diagnostic",2
620515,"POC Plasma Glucose","LEAN POC Plasma Glucose","Lab LEAN Collect RN","LABORATORY","Diagnostic",39
621050,"Sodium Level","MCODES_Sodium Level HUP/PPMC","Lab HUP/PPMC/PAH","LABORATORY","Diagnostic",1
621324,"Random Urine Protein","LEAN Random Urine Protein","Lab LEAN Collect RN","LABORATORY","Diagnostic",2
619113,"Lactic Acid","MCODES_Lactic Acid.","Lab HUP/PPMC/PAH","LABORATORY","Diagnostic",1
623119,"APTT","MCODES_APTT","Lab LEAN Collect RN","LABORATORY","Diagnostic",6
620104,"Hematocrit (CC Lab)","MCODES_Hematocrit (CC Lab)","Lab HUP/PPMC/PAH","LABORATORY","Diagnostic",1
620549,"Phosphate","MCODES_Phosphorus Level HUP/PPMC","Lab HUP/PPMC/PAH","LABORATORY","Diagnostic",15
619256,"Ionized Calcium (CC Lab)","MCODES_Ionized Calcium (CC Lab)","Lab HUP/PPMC/PAH","LABORATORY","Diagnostic",1
619260,"Tacrolimus Level","LEAN Tacrolimus Level","Lab LEAN Collect RN","LABORATORY","Diagnostic",36
627058,"Panel 5","LEAN Panel 5","Lab LEAN Collect RN","LABORATORY","Diagnostic",215
621272,"C Reactive Protein","LEAN C Reactive Protein","Lab LEAN Collect RN","LABORATORY","Diagnostic",4
626577,".Basic Metabolic Panel (P7)","LEAN Basic Metabolic Panel (P7)","Lab LEAN Collect RN","LABORATORY","Diagnostic",118
622702,"Hgb/O2 Saturation,","LEAN Hgb/O2 Saturation","Lab LEAN Collect RN","LABORATORY","Diagnostic",2
624675,".Urinalysis Dipstick","zzUrinalysis Dipstick","Lab Times","DIAGNOSTIC","Diagnostic",3
623291,"Albumin","MCODES_Albumin HUP/PPMC","Lab HUP/PPMC/PAH","LABORATORY","Diagnostic",1
625294,"Panel 4","LEAN Panel 4","Lab LEAN Collect RN","LABORATORY","Diagnostic",12
655384,"Q70007","QUEST TACROLIMUS, HIGHLY SENSITIVE, LC/MS/MS","QUEST/LABCORP LAB","LABORATORY","Lab",6
653696,"C0400450","C _HGB (CRITICAL CARE LAB)","LABORATORY","LABORATORY","Lab",3
627119,"Cortisol, Plasma","LEAN Cortisol, Plasma.","Lab LEAN Collect RN","LABORATORY","Diagnostic",2
626969,"Creatine Kinase","LEAN Creatine Kinase","Lab LEAN Collect RN","LABORATORY","Diagnostic",1
627208,"Pro Time/APTT","MCODES_Pro Time/APTT","Lab HUP/PPMC/PAH","LABORATORY","Diagnostic",42
652057,"TROPT","TROPONIN T","LAB BLOOD ORDERABLES","LABORATORY","Lab",40
652315,"CREAPOC","CREATININE POINT OF CARE","LAB BLOOD ORDERABLES","LABORATORY","Lab",1
652056,"PROBNP","NT PROBNP","LAB BLOOD ORDERABLES","LABORATORY","Lab",21
655367,"Q7943","QUEST 24-HOUR URINE CREATININE CLEARANCE","QUEST/LABCORP LAB","LABORATORY","Lab",12
900694,"Q16603","QUANTIFERON (R) TB GOLD, (INCUBATED)","QUEST/LABCORP LAB","LABORATORY","Lab",3
937200,"TSHFT4","TSH W REFLEX FREE T4","LAB BLOOD ORDERABLES","LABORATORY","Lab",12
935747,"C1001720","SODIUM URINE, RANDOM","LAB URINE ORDERABLES","LABORATORY","Lab",1
977988,"BF CREA","FLCRE","General Lab","LABORATORY","Laboratory",1
978121,"GLUC","Glucose","General Lab","LABORATORY","Laboratory",60
978162,"U24CREA","Creatinine 24 Hour Urine","General Lab","LABORATORY","Laboratory",12
978164,"Flucon","Fluconazole Lvl","General Lab","LABORATORY",NA,1
978195,"DRVV","Dilute Russells Viper Venom","General Lab","LABORATORY","Laboratory",2
978234,"Z9UR DRUG","Z9Drug Screen,Urine with Reflex to Confirm","General Lab","LABORATORY","Laboratory",20
978345,"HBA1C","HbA1C  Hemoglobin A1C","General Lab","LABORATORY","Laboratory",95
978488,"HEPPNL","HEP PNL","General Lab","LABORATORY","Laboratory",8
978689,"BF LDH","Lactate Dehydrogenase Body Fluid","General Lab","LABORATORY","Laboratory",8
978696,"C-Reactive Protein, HS (cardiac/ neonatal)","HSCRP","General Lab","LABORATORY","Laboratory",1
978741,"KLQNT","Kappa Lambda Quantitation","General Lab","LABORATORY","Laboratory",16
978769,"NLAC","Lactic Acid (CC Lab)","General Lab","LABORATORY","Laboratory",39
978887,"MAG","Mg","General Lab","LABORATORY","Laboratory",9
978938,"z8HLA Post","z8HLA Post","General Lab","LABORATORY","Laboratory",10
978969,"LDH","Lactate Dehydrogenase","General Lab","LABORATORY","Laboratory",78
979126,"PROBNP","NT-proBNP","General Lab","LABORATORY","Laboratory",42
979177,"FETRSAT","Iron/transferrin/trnsat","General Lab","LABORATORY","Laboratory",140
979212,"z9P5","z9Panel 5 (Na K CO2 Cre Un)","General Lab","LABORATORY","Laboratory",940
932240,"BOH","BETA HYDROXYBUTYRIC ACID","LAB BLOOD ORDERABLES","LABORATORY","Lab",4
973197,"ASPERAG","Aspergillus Glactomannan Ag by EIA","General Lab","LABORATORY","Laboratory",6
973449,"BUN","BUN","General Lab","LABORATORY","Laboratory",11
973826,"CREAD60","Creatinine (DT60 in Hmnc)","General Lab","LABORATORY","Laboratory",134
974195,"BFCELL#","FC","General Lab","LABORATORY",NA,6
974266,"FOL","Folate Level","General Lab","LABORATORY","Laboratory",5
974340,"GEMVEN","GEM Premier Venous BG","General Lab","LABORATORY","Laboratory",14
974594,"z9HSV I IgG","z9Herpes Simplex Type I IgG","General Lab","LABORATORY",NA,2
974809,"ACT","Activated Clotting Time POC","General Lab","LABORATORY","Laboratory",10
974937,"IVI X","IVI X","General Lab","LABORATORY","Laboratory",3
975028,"LDH","LDH","General Lab","LABORATORY","Laboratory",4
975082,"LIP","LIP","General Lab","LABORATORY","Laboratory",10
975319,"NCL","NCL","General Lab","LABORATORY","Laboratory",4
975627,"OSM","OSM","General Lab","LABORATORY","Laboratory",2
976256,"T3 Free","T3 Free","General Lab","LABORATORY","Laboratory",4
976320,"HAPT","HAPT","General Lab","LABORATORY","Laboratory",3
976414,"TRIG","Triglycerides","General Lab","LABORATORY","Laboratory",27
976421,"TRANS","TRNSFRN","General Lab","LABORATORY","Laboratory",3
976538,"AlkFR","Alkaline Phosphatase Isoenzymes","General Lab","LABORATORY",NA,4
976730,"Inpatient Profile (CO2, Creat, Na, K)","Inpatient Profile (CO2, Creat, Na, K)","General Lab","LABORATORY","Laboratory",32
976805,"BF AMY","Amylase Level Body Fluid","General Lab","LABORATORY","Laboratory",1
976944,"Bill AGU","B AGU","General Lab","LABORATORY","Laboratory",1
976958,"BF Alb","Albumin Level Body Fluid","General Lab","LABORATORY","Laboratory",3
977044,"B2GP1","Beta 2 Glycoprotein 1","General Lab","LABORATORY","Laboratory",2
977202,"ACL","Cardiolipin Antibody Screen","General Lab","LABORATORY","Laboratory",4
977303,"CBC PLT","OHEMI","General Lab","LABORATORY","Laboratory",11
977339,"ANCASC","Anti Neutrophil Cytoplasmic Antibody","General Lab","LABORATORY","Laboratory",2
977398,"CBC PLT","CBC w/ Platelets","General Lab","LABORATORY","Laboratory",6750
977549,"AUTODIF","_Automated Differential","General Lab","LABORATORY","Laboratory",14260
977638,"PTPTT","PT/APTT","General Lab","LABORATORY","Laboratory",1542
921517,"D2D3SERUM","25-HYDROXYVITAMIN D2 AND D3, SERUM","LAB BLOOD ORDERABLES","LABORATORY","Lab",1
983112,"ALK 2p23",".ALK split","Helix","LABORATORY",NA,2
983126,"CD4",".CD4 Monitor","Helix","LABORATORY",NA,280
983384,"Ab Scrn","Ab Scrn","Blood Bank","LABORATORY","Laboratory",103
983762,"CMVQNT",".Cytomegalovirus","Helix","LABORATORY",NA,6
982521,"ABSC","ABSC","Blood Bank","LABORATORY","Laboratory",12
982625,"EXM","EXM","Blood Bank","LABORATORY","Laboratory",36
980454,"TAC","Tacrolimus Level","General Lab","LABORATORY",NA,573
983209,"Total B Cells (CD19+)",".Total B Cells (CD19+)","Helix","LABORATORY",NA,2
983351,"DAT","DAT","Blood Bank","LABORATORY","Laboratory",23
983513,"zzABORh PPMC","zzABORh Type PPMC","Blood Bank","LABORATORY","Laboratory",10
979350,"Liver Evaluation Profile (A/G Ratio, ALB, ALP, ALT","Liver Evaluation Profile (A/G Ratio, ALB, ALP, ALT, AST, DBIL, Globulin, INDBIL, TBIL, TP)","General Lab","LABORATORY","Laboratory",1497
979387,"BF pH","pH Body Fluid","General Lab","LABORATORY","Laboratory",4
979409,"PTPTT","PTPTT","General Lab","LABORATORY","Laboratory",120
979652,"ICA PMC","PICA","General Lab","LABORATORY","Laboratory",3
979668,"Sjogren's Ab","Sjogren's Antibody","General Lab","LABORATORY","Laboratory",4
979678,"Creatinine, Whole Blood","NCRE","General Lab","LABORATORY","Laboratory",1
979742,"Inpatient Profile (CO2, Creat, Na, K)","P4","General Lab","LABORATORY","Laboratory",4
979781,"TSH","Thyroid Stimulating Hormone","General Lab","LABORATORY","Laboratory",120
979931,"Ur Sod","Sodium Level Urine","General Lab","LABORATORY","Laboratory",1
980014,"URLYTES","RULYTES","General Lab","LABORATORY","Laboratory",12
980053,"SEDRATE","SED","General Lab","LABORATORY","Laboratory",7
980610,"TP","TP","General Lab","LABORATORY","Laboratory",4
980621,"RDM VNL","Vanco Random PAH","General Lab","LABORATORY","Laboratory",1
980695,"TSH","TSH","General Lab","LABORATORY","Laboratory",13
980867,"Vit D 25OH","Vit D 25OH","General Lab","LABORATORY","Laboratory",132
981183,"WBGL","WBGL","General Lab","LABORATORY","Laboratory",1
981279,"WBCCORR","WBCCOR","General Lab","LABORATORY","Laboratory",3
981642,"_SPEP","_Protein Electrophoresis","General Lab","LABORATORY","Laboratory",81
973218,"B ALBI","B ALBI","General Lab","LABORATORY","Laboratory",5
973275,"B12/FOL","B12/FOL","General Lab","LABORATORY","Laboratory",2
973538,"UCA","Calcium Level Urine","General Lab","LABORATORY","Laboratory",1
974481,"HBO","HBO","General Lab","LABORATORY","Laboratory",4
975040,"dirLDL","LDL Direct, Cholesterol","General Lab","LABORATORY","Laboratory",1
975058,"BF DIFF","Leukocyte Differential Body Fluid","General Lab","LABORATORY","Laboratory",274
975309,"BMP","BMP","General Lab","LABORATORY","Laboratory",161
975471,"CBCAUTO","CBC","General Lab","LABORATORY","Laboratory",356
975602,"CK","CK","General Lab","LABORATORY","Laboratory",2
975730,"CREA","Creatinine","General Lab","LABORATORY","Laboratory",9
975830,"DHEA","DHEA","General Lab","LABORATORY",NA,1
975888,"DRVV","DRVV","General Lab","LABORATORY","Laboratory",1
976110,"BF LDH","FLLDH","General Lab","LABORATORY","Laboratory",1
976142,"SEDRATE","SEDRATE","General Lab","LABORATORY","Laboratory",1
976213,"GGT","GGT","General Lab","LABORATORY","Laboratory",4
976318,"TT","Thrombin Time","General Lab","LABORATORY","Laboratory",1
976872,"B FESUC","B FESUC","General Lab","LABORATORY","Laboratory",3
976945,"B2GP1","B2GP1","General Lab","LABORATORY","Laboratory",4
976950,"GBM Ab","AGBM","General Lab","LABORATORY","Laboratory",1
977018,"BF TP","BF TP","General Lab","LABORATORY","Laboratory",1
977121,"BHB","BHB","General Lab","LABORATORY","Laboratory",2
977139,"CA125","CA125 Cancer Antigen 125","General Lab","LABORATORY","Laboratory",1
977147,"Alb","Albumin Level","General Lab","LABORATORY","Laboratory",25
977217,"Bone Profile (Alb, ALP,Ca,Phos, Tot Prot)","Bone Profile (Alb, ALP,Ca,Phos, Tot Prot)","General Lab","LABORATORY","Laboratory",15
977272,"zzLIVERIN","zzLiver Injury Panel","General Lab","LABORATORY","Laboratory",16
977393,"CK","CK","General Lab","LABORATORY","Laboratory",10
977502,"CMV IgG","CMV Antibody IgG","General Lab","LABORATORY","Laboratory",7
977555,"C-Reactive Protein, HS (cardiac/ neonatal)","CRP","General Lab","LABORATORY","Laboratory",7
977557,"_CKMB","_CKMB","General Lab","LABORATORY","Laboratory",24
977679,"DHEA-S","DHEA-S Dehydroepiandrosterone Sulfate","General Lab","LABORATORY",NA,7
977683,"RanUrCr","Random Urine Creatine","General Lab","LABORATORY",NA,2
985969,"DEXA TMS","Dexamethasone, LC-MS/MS","General Lab","LABORATORY","Laboratory",1
977708,"_UTV","_U24 Total Volume","General Lab","LABORATORY","Laboratory",11
977814,"NCL","Chloride Level CC Lab","General Lab","LABORATORY","Laboratory",30
977924,"T3","T3","General Lab","LABORATORY","Laboratory",1
978072,"FIB","FIB","General Lab","LABORATORY","Laboratory",1
978099,"GFR-EST","GFR-EST","General Lab","LABORATORY","Laboratory",511
978183,"z9CRUN","CRUN","General Lab","LABORATORY","Laboratory",2
978325,"FGLUC","Glucose Fasting","General Lab","LABORATORY","Laboratory",3
978355,"VABG","Blood Gas Arterial Vented","General Lab","LABORATORY","Laboratory",21
978390,"HAPT","Haptoglobin","General Lab","LABORATORY","Laboratory",8
978392,"HBA1C","HBA1C","General Lab","LABORATORY","Laboratory",4
978407,"FERR","Ferritin","General Lab","LABORATORY","Laboratory",56
978454,"HCT&HBG","Hemoglobin and Hematocrit","General Lab","LABORATORY",NA,3
978458,"HITELIS","HITELISA","General Lab","LABORATORY","Laboratory",1
978537,"HBA1C","Hgb A1c","General Lab","LABORATORY","Laboratory",1
978612,"FE","Iron Level","General Lab","LABORATORY","Laboratory",8
978659,"K","K","General Lab","LABORATORY","Laboratory",2
978788,"HEP C","Hepatitis C Antibody","General Lab","LABORATORY","Laboratory",4
978855,"HEPPNL","Liver Function Test","General Lab","LABORATORY","Laboratory",62
943272,"NCRE","CREATININE (CRITICAL CARE LAB)","LAB BLOOD ORDERABLES","LABORATORY","Lab",1
979076,"_BCARD","_Cardiac Panel, Biosite","General Lab","LABORATORY","Laboratory",8
979210,"Kepp","Keppra Level","General Lab","LABORATORY","Laboratory",1
979255,"ICA","Ionized Calcium (CC Lab)","General Lab","LABORATORY","Laboratory",54
979262,"NVABG","Blood Gas Arterial Non Vented","General Lab","LABORATORY","Laboratory",54
979407,"CBC PLT","PROF","General Lab","LABORATORY","Laboratory",456
979419,"U24PROT","Protein 24 Hour Urine","General Lab","LABORATORY","Laboratory",12
979508,"URLYTES","Random Urine Electrolytes","General Lab","LABORATORY","Laboratory",24
979543,"MycoIgM","Mycoplasma Antibody IgM","General Lab","LABORATORY",NA,1
979570,"BF TP","Protein Body Fluid","General Lab","LABORATORY","Laboratory",7
979812,"UPROT","RUPRO","General Lab","LABORATORY","Laboratory",2
979828,"PHOS","PHOS","General Lab","LABORATORY","Laboratory",17
979853,"PTT","PTT","General Lab","LABORATORY","Laboratory",715
979915,"RBCFol","RBC Folate","General Lab","LABORATORY","Laboratory",4
973789,"Cu","Copper Level","General Lab","LABORATORY",NA,3
974113,"ERYTHRO","Erythropoietin (EPO)","General Lab","LABORATORY","Laboratory",2
974805,"z9IgE","z9IgE","General Lab","LABORATORY",NA,1
975168,"M-DIFF","Manual Diff","General Lab","LABORATORY","Laboratory",2723
975190,"BMG","Beta 2 Microglobulin","General Lab","LABORATORY",NA,3
975296,"NVABG","Blood Gas Arterial Non Vented","General Lab","LABORATORY","Laboratory",426
975508,"CHEM8 POC","Chem 8 Point of Care","General Lab","LABORATORY","Laboratory",11
975515,"CHEM16","Chem16 Component Of Nstpn","General Lab","LABORATORY","Laboratory",51
975634,"UOSM","Osmolality Urine","General Lab","LABORATORY","Laboratory",6
975676,"CMP","Comprehensive Metabolic Panel","General Lab","LABORATORY","Laboratory",9339
975729,"PHOS","PHO","General Lab","LABORATORY","Laboratory",52
975837,"VitD125","Dihydroxyvitamin D 1,25 Level","General Lab","LABORATORY","Laboratory",4
976012,"RDM VNL","RDM VNL","General Lab","LABORATORY","Laboratory",1
980021,"T4","T4/Tuptake/FTI","General Lab","LABORATORY","Laboratory",85
980056,"TESTO","Testosterone, Total","General Lab","LABORATORY","Laboratory",1
980130,"TOBP","TOBP","General Lab","LABORATORY","Laboratory",2
980190,"TRANS","Transferrin","General Lab","LABORATORY","Laboratory",13
980293,"RPLT","Reptilase Test","General Lab","LABORATORY",NA,1
980422,"URIC","URIC","General Lab","LABORATORY","Laboratory",4
980679,"TOBP","Tobramycin Level Peak","General Lab","LABORATORY","Laboratory",3
980704,"TSHrFT4","TSHrFree T4","General Lab","LABORATORY",NA,1
980840,"ABORh PPMC","ABORh PPMC","Blood Bank","LABORATORY","Laboratory",122
980950,"U24 UN","Urea Nitrogen 24 Hour Urine","General Lab","LABORATORY","Laboratory",4
980993,"Zn","Zinc Level","General Lab","LABORATORY",NA,2
981050,"VBG","Blood Gas Venous","General Lab","LABORATORY","Laboratory",66
981120,"U24 UN","UUN","General Lab","LABORATORY","Laboratory",2
981145,"_Post ABORh HUP","_Post ABORh HUP","Blood Bank","LABORATORY","Laboratory",6
976268,"TAC","TAC","General Lab","LABORATORY",NA,8
976672,"Alb","ALB","General Lab","LABORATORY","Laboratory",12
976727,"17OHPrg","17-d Hydroxyprogesterone","General Lab","LABORATORY",NA,1
976743,"AMY","Amylase Level","General Lab","LABORATORY","Laboratory",17
976803,"B12","Vitamin B12 Level","General Lab","LABORATORY","Laboratory",25
976828,"VNLT","VNLT","General Lab","LABORATORY","Laboratory",3
976947,"LIPID","Lipid Panel","General Lab","LABORATORY","Laboratory",336
977010,"BF GLUC","BF GLUC","General Lab","LABORATORY","Laboratory",1
977065,"BHB","Beta Hydroxybutyric Acid","General Lab","LABORATORY","Laboratory",3
977097,"MMA","Methylmalonic Acid Quantitative","General Lab","LABORATORY",NA,3
977167,"IONCA","Calcium Level Ionized","General Lab","LABORATORY","Laboratory",2
977246,"AMOID","Amiodarone Level","General Lab","LABORATORY",NA,1
977258,"AMMONIA","Ammonia Level","General Lab","LABORATORY","Laboratory",5
977282,"CBCAUTO","CBC w/ Auto Diff","General Lab","LABORATORY","Laboratory",18308
977298,"CA","Ca","General Lab","LABORATORY","Laboratory",1
988383,"ALSRENDIR","Aldosterone/Renin Direct","General Lab","LABORATORY",NA,3
988717,"Faxback","Faxback","General Lab","LABORATORY",NA,10
981996,"_Glu Tol 0 Hr","_Glucose Tolerance 0 Hr","General Lab","LABORATORY","Laboratory",1
982014,"_Hgb","_Hgb","General Lab","LABORATORY","Laboratory",33
982527,"Antigen Type","Antigen Type","Blood Bank","LABORATORY","Laboratory",1
982689,"zzABO Confirm PPMC","zzAT-PPMC","Blood Bank","LABORATORY","Laboratory",5
988603,"PLAC","PLAC","LAB BLOOD ORDERABLES","LABORATORY","Lab",1
977397,"BF DIFF","BF DIFF","General Lab","LABORATORY","Laboratory",17
977480,"COOX","Coox Profile(Hgb,O2Hgb,CbxyHgb,MetHgb)","General Lab","LABORATORY","Laboratory",40
977596,"CREACLR","CRCL","General Lab","LABORATORY","Laboratory",3
977768,"DDI","DDI","General Lab","LABORATORY","Laboratory",3
977770,"C3","C3","General Lab","LABORATORY","Laboratory",1
977802,"DIG","Digoxin Level","General Lab","LABORATORY","Laboratory",17
977910,"FVIII","Factor VIII Assay","General Lab","LABORATORY",NA,1
977921,"CSFGLUC","CFG","General Lab","LABORATORY","Laboratory",3
978035,"FE","FE","General Lab","LABORATORY","Laboratory",3
978112,"GFR-EST","Glomerular Filtration Rate - Estimated","General Lab","LABORATORY","Laboratory",10
978224,"URIC","URA","General Lab","LABORATORY","Laboratory",1
978266,"DDI","D-Dimer","General Lab","LABORATORY","Laboratory",19
978404,"HEPRN","HEPRN","General Lab","LABORATORY","Laboratory",1
978437,"BF Alb","FLALB","General Lab","LABORATORY","Laboratory",1
978448,"C-Reactive Protein, HS (cardiac/ neonatal)","C-Reactive Protein, HS (cardiac/ neonatal)","General Lab","LABORATORY","Laboratory",22
983166,"HCVQNT",".HCV Viral Load","Helix","LABORATORY",NA,10
983273,"ABORh PAH","ABORh Type PAH","Blood Bank","LABORATORY","Laboratory",3
983680,"CD3 Monitor",".CD3 Monitor","Helix","LABORATORY",NA,8
983773,"PTGEN",".Prothrombin Gene Mutation","Helix","LABORATORY",NA,1
990175,"LIPrDLDL","Lipid Panel reflex DirLDL","General Lab","LABORATORY",NA,4
978498,"Fruct","Fructosamine","General Lab","LABORATORY","Laboratory",8
978513,"Z9LIVEREV","z9Liver Evaluation","General Lab","LABORATORY","Laboratory",18
978589,"BFLYTES","FLLYTES","General Lab","LABORATORY","Laboratory",2
978790,"IgG Subs","IgG Subclasses","General Lab","LABORATORY",NA,4
978802,"Lyme Ab","Lyme Antibody","General Lab","LABORATORY",NA,2
978827,"Immunoglob Qn","Immunoglobulins Quantitative","General Lab","LABORATORY","Laboratory",36
978846,"HHEPRN","HHEPRN","General Lab","LABORATORY","Laboratory",1
978890,"LACT","LAC","General Lab","LABORATORY","Laboratory",2
979008,"zzLIVERIN","LIVINJ","General Lab","LABORATORY","Laboratory",8
979106,"NLAC","NLAC","General Lab","LABORATORY","Laboratory",11
979147,"CMP","OCOMP","General Lab","LABORATORY","Laboratory",15
979218,"NHT","NHT","General Lab","LABORATORY","Laboratory",1
979234,"LACT","Lactic Acid","General Lab","LABORATORY","Laboratory",7
979266,"FREEDIL","Phenytoin Level Free","General Lab","LABORATORY","Laboratory",1
979302,"NAK","Na & K (CC Lab)","General Lab","LABORATORY","Laboratory",175
979478,"zzM25","zzMiscellaneous Sendout Test (25)","General Lab","LABORATORY","Laboratory",1
979551,"Panel Charge","Panel","General Lab","LABORATORY","Laboratory",1
979580,"CSFPROT","Protein CSF","General Lab","LABORATORY","Laboratory",2
979696,"LIPID","OLIPP","General Lab","LABORATORY","Laboratory",8
979756,"Rheumatoid Fact","Rheumatoid Factor Assay","General Lab","LABORATORY","Laboratory",3
979782,"T4","T3 Uptake","General Lab","LABORATORY","Laboratory",3
979832,"PT","PT","General Lab","LABORATORY","Laboratory",1432
979855,"SEDRATE","Sedimentation Rate","General Lab","LABORATORY","Laboratory",20
979874,"RDM TOB","TOB Random","General Lab","LABORATORY","Laboratory",7
979886,"ICA PMC","PMC Ionized Calcium","General Lab","LABORATORY","Laboratory",3
979951,"zzRETIC","zzReticulocyte Count","General Lab","LABORATORY","Laboratory",5
979978,"PSA Total","Prostate Specific Antigen Total","General Lab","LABORATORY","Laboratory",14
980032,"PSASCR","PSASCR","General Lab","LABORATORY","Laboratory",9
980340,"zzz9CARD","z9CARD","General Lab","LABORATORY",NA,10
980381,"WBCCORR","WBC Corrected (Group)","General Lab","LABORATORY","Laboratory",63
980400,"U24PROT","UPRO","General Lab","LABORATORY","Laboratory",2
980570,"TOBT","Tobramycin Level Trough","General Lab","LABORATORY","Laboratory",3
980640,"RUUN","Urea Nitrogen Urine","General Lab","LABORATORY","Laboratory",11
980672,"TROPT","TROPT","General Lab","LABORATORY","Laboratory",13
980834,"Varic IgG","Varicella Zoster Antibody IgG","General Lab","LABORATORY",NA,1
980878,"UA MICR","Urinalysis Microscopic","General Lab","LABORATORY","Laboratory",20
980980,"UPRO/CR","Urine Protein/urine Creatinine","General Lab","LABORATORY","Laboratory",72
981021,"ABORh Confirm PPMC","AT-PPMC","Blood Bank","LABORATORY","Laboratory",43
981624,"zzz9CARD","zzz9Cardiac Enzymes","General Lab","LABORATORY",NA,6
981955,"_ABG/Lytes Rals PAH","_ABG/Lytes Rals","General Lab","LABORATORY","Laboratory",16
983516,"FACV",".Factor V Leiden","Helix","LABORATORY",NA,1
983521,"_Post DAT","_Post DAT","Blood Bank","LABORATORY","Laboratory",5
983524,"HIVQNT",".HIV Quantitative","Helix","LABORATORY",NA,30
983529,"_Trxn Rxn","_Trxn Rxn","Blood Bank","LABORATORY","Laboratory",1
973634,"Chem11","Chem11","General Lab","LABORATORY","Laboratory",84
974377,"WBGL","Glucose -Whole Blood","General Lab","LABORATORY","Laboratory",37
974560,"ABHBS","Hepatitis B Surface Antibody","General Lab","LABORATORY","Laboratory",3
974794,"ICA","ICA","General Lab","LABORATORY","Laboratory",1
975398,"C4","C4 Complement","General Lab","LABORATORY","Laboratory",3
975431,"CA","Calcium Level Total","General Lab","LABORATORY","Laboratory",68
975499,"CERU","Ceruloplasmin","General Lab","LABORATORY","Laboratory",2
975818,"DBIL Group","DBIL Group","General Lab","LABORATORY","Laboratory",3
975943,"ERYTHRO","ERYTHRO","General Lab","LABORATORY","Laboratory",1
976132,"FOL","FOL","General Lab","LABORATORY","Laboratory",2
976152,"F T4","Free T4","General Lab","LABORATORY","Laboratory",26
976235,"Glucose (Rals)","Glucose (Plasma Rals Group)","General Lab","LABORATORY","Laboratory",3433
976447,"TSHrFT4","TSH reflex Free T4","General Lab","LABORATORY",NA,10
973059,"AMY","Amy","General Lab","LABORATORY","Laboratory",6
973086,"GBM Ab","Anti Glomerular Basement Membrane Antibody","General Lab","LABORATORY","Laboratory",1
973291,"BMP","BAS","General Lab","LABORATORY","Laboratory",478
974215,"FERR","FERR","General Lab","LABORATORY","Laboratory",12
975885,"TP","Protein Total","General Lab","LABORATORY","Laboratory",8
975956,"ETOH","Ethanol Level","General Lab","LABORATORY","Laboratory",1
976369,"z9H pylori IgG","z9Helicobacter pylori Antibody IgG","General Lab","LABORATORY","Laboratory",1
976604,"URIC","Uric Acid","General Lab","LABORATORY","Laboratory",50
976619,"ACL","ACL","General Lab","LABORATORY","Laboratory",2
976626,"APC","Activated Protein C","General Lab","LABORATORY","Laboratory",1
976866,"B12","B12","General Lab","LABORATORY","Laboratory",3
976554,"AFPNP","Alpha Feto Protein Tumor Marker (AFPNP)","General Lab","LABORATORY","Laboratory",1
976608,"AlkPhoBone","Alk Phos Bone Specific","General Lab","LABORATORY",NA,1
976756,"ASPERAG","ASPERAG","General Lab","LABORATORY","Laboratory",2
976758,"RDM ANL","Amikacin Random","General Lab","LABORATORY","Laboratory",5
976764,"FATIII","Anti Thrombin III Assay","General Lab","LABORATORY","Laboratory",1
976988,"B12","B12","General Lab","LABORATORY","Laboratory",1
977126,"C4","C4","General Lab","LABORATORY","Laboratory",1
977162,"VABG","Blood Gas Arterial Vented","General Lab","LABORATORY","Laboratory",598
977194,"A-1-AT","ALPHA","General Lab","LABORATORY",NA,2
977267,"CSFPROT","CFP","General Lab","LABORATORY","Laboratory",6
977416,"CEA","CEA","General Lab","LABORATORY","Laboratory",16
977448,"VBG","Blood Gas Venous","General Lab","LABORATORY","Laboratory",486
977481,"CL","Chloride","General Lab","LABORATORY","Laboratory",244
977499,"CORT","Cortisol","General Lab","LABORATORY","Laboratory",7
977501,"BF CHOL","Cholesterol Body Fluid","General Lab","LABORATORY","Laboratory",4
977521,"BMP","Basic Metabolic Panel","General Lab","LABORATORY","Laboratory",13174
977573,"C3","C3 Complement","General Lab","LABORATORY","Laboratory",5
977578,"CKMB","CKMB","General Lab","LABORATORY","Laboratory",13
977637,"COOX","COOX","General Lab","LABORATORY","Laboratory",15
977687,"M-DIFF","DIFF","General Lab","LABORATORY","Laboratory",43
977707,"Creatinine, Whole Blood","Creatinine, Whole Blood","General Lab","LABORATORY","Laboratory",2
977727,"z9CCPT/PTT","z9CCPT/PTT","General Lab","LABORATORY","Laboratory",15
976936,"zzBNP PAH","zzB-Type Natriuretic Peptide PAH","General Lab","LABORATORY","Laboratory",1
976969,"Liver Injury Profile (ALP, ALT, AST, DBIL, INDBIL, TBIL)","LIVERIN","General Lab","LABORATORY","Laboratory",63
977399,"CHOL","Cholesterol Total","General Lab","LABORATORY","Laboratory",5
977602,"CK","Creatine Kinase","General Lab","LABORATORY","Laboratory",18
977617,"CO2","CO2","General Lab","LABORATORY","Laboratory",1
977620,"UCREA","Creatinine Urine","General Lab","LABORATORY","Laboratory",16
977700,"CREA","CREA","General Lab","LABORATORY","Laboratory",1
977737,"BFCELL#","Cell Count Body Fluid","General Lab","LABORATORY",NA,51
977889,"CKMB","CK-MB Isoenzyme","General Lab","LABORATORY","Laboratory",9
978010,"VCAIgG","Epstein Barr Viral Capsid Antigen","General Lab","LABORATORY",NA,2
978025,"CREA POC","Creatinine Point of Care","General Lab","LABORATORY","Laboratory",6
978065,"BF TRIG","Triglyceride Body Fluid","General Lab","LABORATORY","Laboratory",2
977897,"CL","CL","General Lab","LABORATORY","Laboratory",2
977909,"DBIL Group","Direct Bilirubin Group","General Lab","LABORATORY","Laboratory",6
977943,"EBV AB Profile (EBV VCA, IgG: EBV VCA, IgM: EBNA, EA)","EBV AB Profile (EBV VCA, IgG: EBV VCA, IgM: EBNA, EA)","General Lab","LABORATORY","Laboratory",20
977959,"FrTesto","Testosterone Level Free","General Lab","LABORATORY","Laboratory",1
978018,"TOBT","TOBT","General Lab","LABORATORY","Laboratory",1
978068,"CMP","CMP","General Lab","LABORATORY","Laboratory",60
978128,"CSFGLUC","Glucose CSF","General Lab","LABORATORY","Laboratory",1
978216,"BF GLUC","Glucose Body Fluid","General Lab","LABORATORY","Laboratory",7
978319,"HCVFIBR","HCV FibroSURE","General Lab","LABORATORY","Laboratory",8
978526,"PHCYS","Homocysteine Total","General Lab","LABORATORY","Laboratory",3
978568,"FIB","Fibrinogen","General Lab","LABORATORY","Laboratory",45
978604,"HIV","HIV Ag/Ab combination screen with reflex to confirmation","General Lab","LABORATORY","Laboratory",4
978762,"LACT","LACT","General Lab","LABORATORY","Laboratory",1
978766,"LIPID","LIPID","General Lab","LABORATORY","Laboratory",10
978771,"LIPID","LIPP","General Lab","LABORATORY","Laboratory",9
978778,"Liver Injury Profile (ALP, ALT, AST, DBIL, INDBIL, TBIL)","Liver Injury Profile (ALP, ALT, AST, DBIL, INDBIL, TBIL)","General Lab","LABORATORY","Laboratory",964
978780,"HBSAG","Hepatitis B Surface Antigen (HBsAG)","General Lab","LABORATORY","Laboratory",6
978825,"MAG","MAG","General Lab","LABORATORY","Laboratory",68
978837,"HBO","Hgb/O2 SATURATION (SCM)","General Lab","LABORATORY","Laboratory",83
978894,"UMICALB","Microalbumin Level Urine","General Lab","LABORATORY","Laboratory",19
978923,"LDH","LDH","General Lab","LABORATORY","Laboratory",16
979044,NA,NA,"General Lab","LABORATORY","Laboratory",1
978102,"TT","TT","General Lab","LABORATORY","Laboratory",1
978109,"FETRSAT","FE/TRNS","General Lab","LABORATORY","Laboratory",19
978201,"HBA1C","HBA1C","General Lab","LABORATORY","Laboratory",2
978276,"HEPPNL","Hepatic Function Panel","General Lab","LABORATORY","Laboratory",418
978338,"NHT","Hematocrit  (CC Lab)","General Lab","LABORATORY","Laboratory",28
978374,"ABHBC","Hepatitis B core antibody, (HBcAb); total","General Lab","LABORATORY","Laboratory",4
978384,"HAPT","HAP","General Lab","LABORATORY","Laboratory",4
978420,"FIB","FIB","General Lab","LABORATORY","Laboratory",13
978822,"z9HSV II IgG","z9Herpes Simplex Type II IgG","General Lab","LABORATORY",NA,2
978842,"LIP","Lipase Level","General Lab","LABORATORY","Laboratory",61
978850,"IVI 1","IVI 1","General Lab","LABORATORY","Laboratory",3
979138,"BMP","OBAS","General Lab","LABORATORY","Laboratory",9
979386,"zzM25","zzM25","General Lab","LABORATORY","Laboratory",2
979389,"MAG","Magnesium Level","General Lab","LABORATORY","Laboratory",1244
979428,"QFTG","Quantiferon TB Gold","General Lab","LABORATORY","Laboratory",4
979606,"MPA","MPA","General Lab","LABORATORY","Laboratory",4
979720,"OSM","Osmolality","General Lab","LABORATORY","Laboratory",2
979723,"T3","T3 Total","General Lab","LABORATORY","Laboratory",23
979748,"PALB","Prealbumin","General Lab","LABORATORY",NA,42
979200,"z9P5","z9P5","General Lab","LABORATORY","Laboratory",10
979309,"NAK","NAK","General Lab","LABORATORY","Laboratory",4
979335,"PALB","PALB","General Lab","LABORATORY",NA,5
979352,"Parvo","Parvovirus B19 Antibodies IgG and IgM","General Lab","LABORATORY",NA,2
979408,"PHOS","Phosphorus Level","General Lab","LABORATORY","Laboratory",954
979438,"PRSI","Protein S Immunologic","General Lab","LABORATORY","Laboratory",1
979469,"PTHN","Intact Parathyroid hormone (PTHN)","General Lab","LABORATORY","Laboratory",40
979505,"Prot C Function","PRCF","General Lab","LABORATORY",NA,1
979549,"RETIC","Reticulocyte Count Automated","General Lab","LABORATORY",NA,22
979554,"UCREA","RUCR","General Lab","LABORATORY","Laboratory",5
979859,"TSI","Thyroid Stimulating Immunoglobulins","General Lab","LABORATORY","Laboratory",1
979872,"PLXCH","PLXCH","General Lab","LABORATORY","Laboratory",5
979918,"K","Potassium Level","General Lab","LABORATORY","Laboratory",4
980009,"UPROT","Protein Urine","General Lab","LABORATORY","Laboratory",14
980198,"VNLT","Vancomycin Level Trough","General Lab","LABORATORY","Laboratory",22
980235,"VitA","Vitamin A Level","General Lab","LABORATORY","Laboratory",1
980282,"Selenm","Selenium Level","General Lab","LABORATORY","Laboratory",1
980329,"VIT E","Vitamin E Level","General Lab","LABORATORY","Laboratory",4
980464,"TSH","TSH","General Lab","LABORATORY","Laboratory",2
980478,"TestoFC","Testosterone Females or Children","General Lab","LABORATORY","Laboratory",2
980592,"UPEP","UPEP","General Lab","LABORATORY","Laboratory",6
980670,"B12/FOL","Vitamin B12 and Folate","General Lab","LABORATORY","Laboratory",6
980786,"TROPT","Troponin-T","General Lab","LABORATORY","Laboratory",72
980879,"VIT C","Vitamin C Level","General Lab","LABORATORY","Laboratory",1
982582,"Bill CMV Neg Product (not Pheresis)","Bill CMVP","Blood Bank","LABORATORY","Laboratory",15
983010,"ABO Confirm HUP","AT-HUP","Blood Bank","LABORATORY","Laboratory",125
979867,"TTI","Tissue Thromboplastin Inhib","General Lab","LABORATORY","Laboratory",1
979958,"PROBNP","PROBNP","General Lab","LABORATORY","Laboratory",12
980024,"z9FPSA","z9PSA Free","General Lab","LABORATORY",NA,9
980191,"VAL","Valproic Acid Level","General Lab","LABORATORY","Laboratory",2
990185,"T4Lvl","T4Lvl","General Lab","LABORATORY",NA,1
980317,"VIT B1","Vitamin B1","General Lab","LABORATORY",NA,4
980348,"RDM VNL","VNL Random","General Lab","LABORATORY","Laboratory",39
980425,"TRIG","TRIG","General Lab","LABORATORY","Laboratory",3
980431,"UA DIP","Urinalysis Dipstick","General Lab","LABORATORY","Laboratory",450
980552,"T4","T4","General Lab","LABORATORY","Laboratory",7
980772,"zzBNP PAH","z9BNP","General Lab","LABORATORY","Laboratory",1
980783,"Ur Sod","Urine Sodium Level PAH","General Lab","LABORATORY","Laboratory",8
980941,"ABORh HUP","ABORh Type HUP","Blood Bank","LABORATORY","Laboratory",850
981214,"_Rh Antigen Typing","_Rh Antigen Typing","Blood Bank","LABORATORY","Laboratory",4
981496,"_CKMB","_CKMB","General Lab","LABORATORY","Laboratory",6
1028139,"CFCELL1","Cell Count CSF1","General Lab","LABORATORY","Laboratory",3
1060716,"TROPT","TROPT PAH","General Lab","LABORATORY","Laboratory",2
1030532,"CFCELL1","CFCELL1","General Lab","LABORATORY","Laboratory",9
1054854,"CFCELL4","Cell Count CSF Tube #4","General Lab","LABORATORY","Laboratory",6
1055674,"CRPN","CRP Non-Cardiac","General Lab","LABORATORY","Laboratory",6
1048904,"_POC Trop-I","_Troponin-I POC","General Lab","LABORATORY","Laboratory",37
1052315,"TROPIPOC","TROPONIN-I POC","LABORATORY","LABORATORY","Lab",10
1053114,"C7012001","ABG/LYTES RALS PAH","LABORATORY","LABORATORY","Lab",16
1060468,"IgE Total","Immunoglobulin E (IgE), Total","General Lab","LABORATORY","Laboratory",2
1061481,"C0500296","LACTIC ACID, WHOLE BLOOD","LAB BLOOD ORDERABLES","LABORATORY","Lab",15
1059970,"CRPNC","CRP NON-CARDIAC","LAB BLOOD ORDERABLES","LABORATORY","Lab",1
1075484,"CAR29","LEXISCAN NUCLEAR STRESS TEST","CARDIOLOGY","CARDIOLOGY PROCEDURES","Cardiology Procedures",1
1087042,"BDGLUCAN","Beta-D-Glucan","General Lab","LABORATORY","Laboratory",5
1061340,"CFCELL4","CFCELL#4","General Lab","LABORATORY","Laboratory",3
1087769,"Q%415","DIFFERENTIAL, MANUAL","QUEST/LABCORP LAB","LABORATORY","Lab",14
1085502,"82962B","PERIOP GLUCOSE, BLOOD, GLUCOSE *","LAB-POC MANUAL ENTRY","LABORATORY","Lab",2
1103359,"EBVQuant",".EBV Quantitative","Helix","LABORATORY",NA,18
1096585,"ABL90ART","ABL90 ARTERIAL PANEL","LABORATORY","LABORATORY","Lab",1455
1096596,"ABL90VEN","ABL90 VENOUS PANEL","LABORATORY","LABORATORY","Lab",1569
1096599,"ABL90 ART","ABL90 Arterial Panel","General Lab","LABORATORY","Laboratory",3559
1096760,"ABL90 VEN","ABL90 Venous Panel","General Lab","LABORATORY","Laboratory",12362
1116501,"_SPCPTT","_SPCPTT","General Lab","LABORATORY","Laboratory",3
1102507,"PCT","Procalcitonin","General Lab","LABORATORY","Laboratory",1
1098411,"ACTH","ACTH","General Lab","LABORATORY","Laboratory",1
1104316,"EBVCASE","EPSTEIN-BARR VIRUS (EBV) - QUANTITATION PCR","LAB-MOLECULAR PATHOLOGY","LABORATORY","Lab",8
1098429,"CTx","C Telopeptide","General Lab","LABORATORY","Laboratory",1
1092580,"C1901902","GLUCOSE POC","LABORATORY","LABORATORY","Lab",144
1093860,"Free/Total PSA","Free/Total PSA","General Lab","LABORATORY","Laboratory",3
1116759,"GEM4ANLACOOX","GEM4ANLACOOX","LABORATORY","LABORATORY","Lab",51
1116854,"GEM4VEN","GEM4VEN","LABORATORY","LABORATORY","Lab",90
1122939,"RETIC","RET","General Lab","LABORATORY",NA,2
1122961,"RETIC","Retic","General Lab","LABORATORY",NA,5
1115241,"GEM4000 ANLCOOX","GEM4000 ANLCOOX","General Lab","LABORATORY","Laboratory",102
1115246,"GEM4ART","GEM4ART","General Lab","LABORATORY","Laboratory",296
1129114,"VZMCSF","Varicella-Zoster Virus Ab, IgM CSF","General Lab","LABORATORY","Laboratory",1
1116776,"GEM4ART","GEM4ART","LABORATORY","LABORATORY","Lab",36
1105735,"PCT","PROCALCITONIN","LAB BLOOD ORDERABLES","LABORATORY","Lab",1
1110362,"GPQNT","Glucose-6-PD Quantitative","General Lab","LABORATORY","Laboratory",1
1115239,"GEM4VEN","GEM4VEN","General Lab","LABORATORY","Laboratory",108
1137607,"IMGMAM0035","MAMMO SCREENING BILATERAL","IMG MAMMOGRAPHY ORDERABLES","IMAGING","Imaging",1
1116484,"_SPCPT","_SPCPT","General Lab","LABORATORY","Laboratory",6
1145222,"POC UA DIP","POC UA DIP","General Lab","LABORATORY","Laboratory",57
1117658,"IOPTH","Intra-Operative Parathyroid Hormone (IOPTH)","General Lab","LABORATORY","Laboratory",1
1117659,"IOPTH","IOPTH","General Lab","LABORATORY","Laboratory",1
1145803,"Alpha 1 Antitrypsin, St ELISA","Alpha 1 Antitrypsin, St ELISA","General Lab","LABORATORY","Laboratory",1
1204911,"L115399","IMMATURE CELLS","QUEST/LABCORP LAB","LABORATORY","Lab",1
1226261,"PROC6904","PULMONARY REHAB & CONDITIONING","PROCEDURES","PROCEDURES","Procedures",7
1129117,"LVRFIB","Liver Fibrosis, Chronic Viral Hepatitis","General Lab","LABORATORY","Laboratory",11
1122963,"RETIC","Reticulocyte Count","General Lab","LABORATORY",NA,2
1226027,"NI0193","GLUCOSE, BLOOD, GLUCOSE *","LABORATORY","LABORATORY","Lab",3
1226045,"PROC6903","PULMONARY FUNCTION TESTING","PROCEDURES","PROCEDURES","Procedures",22
1226070,"NI0208","PROTHROMBIN TIME","LABORATORY","LABORATORY","Lab",6
1131220,"CAR24","CATH LAB PROCEDURE","CARDIOLOGY","CARDIOLOGY PROCEDURES","Cardiology Procedures",3
1226023,"NI0203","OFFICE URINALYSIS W/OUT *","LABORATORY","LABORATORY","Lab",7
1141809,"IMGPT0011","PT HEART PERFUSION PHARMACOLOGIC STRESS PET MULTIPLE","IMG PET ORDERABLES","IMAGING","Imaging",21
1223794,"PROC4681","ECHO HEART XTHORACIC,LIMITED","CARDIOLOGY","CARDIOLOGY PROCEDURES","Cardiology Procedures",14
1225425,"PROC4699","ELECTROCARDIOGRAM, COMPLETE","CARDIOLOGY","CARDIOLOGY PROCEDURES","Cardiology Procedures",769
1151455,"POC PT","POC PT","General Lab","LABORATORY","Laboratory",2
1152662,"PTHIOPER","PTH(INTRA-OPERATIVE)","LAB BLOOD ORDERABLES","LABORATORY","Lab",2
1142086,"IMGCT0021","CT CHEST WO IV CONTRAST","IMG CT ORDERABLES","IMAGING","Imaging",1
1205801,"L977709","CBC/DIFF AMBIGUOUS DEFAULT","QUEST/LABCORP LAB","LABORATORY","Lab",63
1144733,"POCUADIP","POC UA DIPSTICK","LABORATORY","LABORATORY","Lab",31
1257158,"MiscSO","Miscellaneous Send Out","General Lab","LABORATORY",NA,1
1271917,"BPAM1","DISPENSE RBC","BLOOD BANK PRODUCT ORDERABLES","LABORATORY","Blood Bank",10
1344499,"CVECH01","TRANSTHORACIC ECHO (TTE) COMPLETE","CV ECHO ORDERABLES","ECHOCARDIOGRAPHY","Echocardiography",371
1344544,"CVECH02","TRANSTHORACIC ECHO (TTE) LIMITED","CV ECHO ORDERABLES","ECHOCARDIOGRAPHY","Echocardiography",63
1215967,"L717322","TOBRAMYCIN, SERUM, PEAK/TROUGH","QUEST/LABCORP LAB","LABORATORY","Lab",2
1272106,"BPAM2","DISPENSE PLASMA","BLOOD BANK PRODUCT ORDERABLES","LABORATORY","Blood Bank",2
1297156,"FIBRO NAFL","Liver Fibrosis, Non-Alcoholic Fatty Liver Disease","General Lab","LABORATORY","Laboratory",12
1332350,"Mycoplasma pneumoniae Ab IgG","Mycoplasma pneumoniae Ab IgG","General Lab","LABORATORY","Laboratory",1
1329718,"5TROP","5th Generation Troponin","General Lab","LABORATORY","Laboratory",1
1344651,"CVVASC01","VASC BILATERAL CAROTID US (93880) (VASCULAR LAB)","CV VASCULAR ORDERABLES","VASCULAR ULTRASOUND","Vascular Ultrasound",23
1344529,"CVTEE07","TRANSESOPHAGEAL ECHO (TEE)","CV ECHO ORDERABLES","ECHOCARDIOGRAPHY","Echocardiography",2
