Ontology ID	label	has curation status	alternative term	definition	definition source	example of usage	editor note	term editor	ontology term requester	term tracker item	logical type	logical note	parent class	material processing technique	detection technique	evaluant	analyte	device	reagent	molecular label	input	output	target entity	objective	associated axioms	dbxref
ID	A rdfs:label	AI has curation status	A alternative term SPLIT=|	A definition SPLIT=|	A definition source SPLIT=|	A example of usage SPLIT=|	A editor note SPLIT=|	A term editor SPLIT=|	A ontology term requester	A term tracker item	CLASS_TYPE		C % SPLIT=|	C 'has part' some % SPLIT=|	C 'has part' some % SPLIT=|	C (has_specified_input some (% and 'has role' some 'evaluant role')) and (realizes some ('evaluant role' and ('role of' some %))) SPLIT=|	C (has_specified_input some %) and (realizes some ('analyte role' and ('inheres in' some %)))	C (has_specified_input some %) and (realizes some (function and ('inheres in' some %))) SPLIT=|	C (has_specified_input some %) and (realizes some ('reagent role' and ('inheres in' some %)))	C (has_specified_input some %) and (realizes some ('molecular label role' and ('inheres in' some %)))	C has_specified_input some %	C has_specified_output some %	C has_specified_output some ('is about' some %)	C achieves_planned_objective some %	C %	
OBI:3100001	"Glucose, plasma assay for glucose in arterial blood"							"Mark A. Miller, ORCID:0000-0001-9076-6066 & Chris Stoeckert, ORCID ORCID:0000-0002-5714-991X"			subclass		assay			arterial blood							'glucose'			
OBI:3100002	"Glucose, whole blood assay for glucose in arterial blood"							"Mark A. Miller, ORCID:0000-0001-9076-6066 & Chris Stoeckert, ORCID ORCID:0000-0002-5714-991X"			subclass		assay			arterial blood							'glucose'			
OBI:3100003	"Creatinine, whole blood assay for creatinine in arterial blood"							"Mark A. Miller, ORCID:0000-0001-9076-6066 & Chris Stoeckert, ORCID ORCID:0000-0002-5714-991X"			subclass		assay			arterial blood							'creatinine'			
OBI:3100004	Sodium and potassium assay for sodium molecular entity in arterial blood							"Mark A. Miller, ORCID:0000-0001-9076-6066 & Chris Stoeckert, ORCID ORCID:0000-0002-5714-991X"			subclass		assay			arterial blood							'sodium molecular entity'			
OBI:3100005	Sodium and potassium assay for potassium molecular entity in arterial blood							"Mark A. Miller, ORCID:0000-0001-9076-6066 & Chris Stoeckert, ORCID ORCID:0000-0002-5714-991X"			subclass		assay			arterial blood							'potassium molecular entity'			
OBI:3100006	NA assay for calcium(2+) in arterial blood							"Mark A. Miller, ORCID:0000-0001-9076-6066 & Chris Stoeckert, ORCID ORCID:0000-0002-5714-991X"			subclass		assay			arterial blood							'calcium(2+)'			
OBI:3100007	Chloride assay for chloride in arterial blood							"Mark A. Miller, ORCID:0000-0001-9076-6066 & Chris Stoeckert, ORCID ORCID:0000-0002-5714-991X"			subclass		assay			arterial blood							'chloride'			
OBI:3100008	Lactic acid assay for (S)-lactic acid in arterial blood							"Mark A. Miller, ORCID:0000-0001-9076-6066 & Chris Stoeckert, ORCID ORCID:0000-0002-5714-991X"			subclass		assay			arterial blood							'(S)-lactic acid'			
OBI:3100009	"Chem8 (= metablic panel, basic?), POC assay for glucose in arterial blood"							"Mark A. Miller, ORCID:0000-0001-9076-6066 & Chris Stoeckert, ORCID ORCID:0000-0002-5714-991X"			subclass		assay			arterial blood							'glucose'			
OBI:3100010	"Chem8 (= metablic panel, basic?), POC assay for calcium(2+) in arterial blood"							"Mark A. Miller, ORCID:0000-0001-9076-6066 & Chris Stoeckert, ORCID ORCID:0000-0002-5714-991X"			subclass		assay			arterial blood							'calcium(2+)'			
OBI:3100011	"Chem8 (= metablic panel, basic?), POC assay for potassium molecular entity in arterial blood"							"Mark A. Miller, ORCID:0000-0001-9076-6066 & Chris Stoeckert, ORCID ORCID:0000-0002-5714-991X"			subclass		assay			arterial blood							'potassium molecular entity'			
OBI:3100012	"Chem8 (= metablic panel, basic?), POC assay for sodium molecular entity in arterial blood"							"Mark A. Miller, ORCID:0000-0001-9076-6066 & Chris Stoeckert, ORCID ORCID:0000-0002-5714-991X"			subclass		assay			arterial blood							'sodium molecular entity'			
OBI:3100013	"Chem8 (= metablic panel, basic?), POC assay for creatinine in arterial blood"							"Mark A. Miller, ORCID:0000-0001-9076-6066 & Chris Stoeckert, ORCID ORCID:0000-0002-5714-991X"			subclass		assay			arterial blood							'creatinine'			
OBI:3100014	"Chem8 (= metablic panel, basic?), POC assay for chloride in arterial blood"							"Mark A. Miller, ORCID:0000-0001-9076-6066 & Chris Stoeckert, ORCID ORCID:0000-0002-5714-991X"			subclass		assay			arterial blood							'chloride'			
OBI:3100015	"Chem8 (= metablic panel, basic?), POC assay for carbon dioxide in arterial blood"							"Mark A. Miller, ORCID:0000-0001-9076-6066 & Chris Stoeckert, ORCID ORCID:0000-0002-5714-991X"			subclass		assay			arterial blood							'carbon dioxide'			
OBI:3100016	NA assay for (S)-lactic acid in arterial blood							"Mark A. Miller, ORCID:0000-0001-9076-6066 & Chris Stoeckert, ORCID ORCID:0000-0002-5714-991X"			subclass		assay			arterial blood							'(S)-lactic acid'			
OBI:3100017	Electrolytes assay for calcium(2+) in arterial blood							"Mark A. Miller, ORCID:0000-0001-9076-6066 & Chris Stoeckert, ORCID ORCID:0000-0002-5714-991X"			subclass		assay			arterial blood							'calcium(2+)'			
OBI:3100018	Electrolytes assay for lactate in arterial blood							"Mark A. Miller, ORCID:0000-0001-9076-6066 & Chris Stoeckert, ORCID ORCID:0000-0002-5714-991X"			subclass		assay			arterial blood							'lactate'			
OBI:3100019	"Creatinine, POC assay for creatinine in arterial blood"							"Mark A. Miller, ORCID:0000-0001-9076-6066 & Chris Stoeckert, ORCID ORCID:0000-0002-5714-991X"			subclass		assay			arterial blood							'creatinine'			
OBI:3100020	blood gas by co-oximetry assay for potassium molecular entity in arterial blood							"Mark A. Miller, ORCID:0000-0001-9076-6066 & Chris Stoeckert, ORCID ORCID:0000-0002-5714-991X"			subclass		assay			arterial blood							'potassium molecular entity'			
OBI:3100021	blood gas by co-oximetry assay for glucose in arterial blood							"Mark A. Miller, ORCID:0000-0001-9076-6066 & Chris Stoeckert, ORCID ORCID:0000-0002-5714-991X"			subclass		assay			arterial blood							'glucose'			
OBI:3100022	blood gas by co-oximetry assay for calcium(2+) in arterial blood							"Mark A. Miller, ORCID:0000-0001-9076-6066 & Chris Stoeckert, ORCID ORCID:0000-0002-5714-991X"			subclass		assay			arterial blood							'calcium(2+)'			
OBI:3100023	blood gas by co-oximetry assay for sodium molecular entity in arterial blood							"Mark A. Miller, ORCID:0000-0001-9076-6066 & Chris Stoeckert, ORCID ORCID:0000-0002-5714-991X"			subclass		assay			arterial blood							'sodium molecular entity'			
OBI:3100024	blood gas by co-oximetry assay for carbon dioxide in arterial blood							"Mark A. Miller, ORCID:0000-0001-9076-6066 & Chris Stoeckert, ORCID ORCID:0000-0002-5714-991X"			subclass		assay			arterial blood							'carbon dioxide'			
OBI:3100025	"blood gas, arterial assay for (S)-lactic acid in arterial blood"							"Mark A. Miller, ORCID:0000-0001-9076-6066 & Chris Stoeckert, ORCID ORCID:0000-0002-5714-991X"			subclass		assay			arterial blood							'(S)-lactic acid'			
OBI:3100026	"blood gas, arterial assay for sodium molecular entity in arterial blood"							"Mark A. Miller, ORCID:0000-0001-9076-6066 & Chris Stoeckert, ORCID ORCID:0000-0002-5714-991X"			subclass		assay			arterial blood							'sodium molecular entity'			
OBI:3100027	"blood gas, arterial assay for potassium molecular entity in arterial blood"							"Mark A. Miller, ORCID:0000-0001-9076-6066 & Chris Stoeckert, ORCID ORCID:0000-0002-5714-991X"			subclass		assay			arterial blood							'potassium molecular entity'			
OBI:3100028	"blood gas, arterial assay for carbon dioxide in arterial blood"							"Mark A. Miller, ORCID:0000-0001-9076-6066 & Chris Stoeckert, ORCID ORCID:0000-0002-5714-991X"			subclass		assay			arterial blood							'carbon dioxide'			
OBI:3100029	"blood gas, arterial assay for glucose in arterial blood"							"Mark A. Miller, ORCID:0000-0001-9076-6066 & Chris Stoeckert, ORCID ORCID:0000-0002-5714-991X"			subclass		assay			arterial blood							'glucose'			
OBI:3100030	"blood gas, arterial assay for calcium(2+) in arterial blood"							"Mark A. Miller, ORCID:0000-0001-9076-6066 & Chris Stoeckert, ORCID ORCID:0000-0002-5714-991X"			subclass		assay			arterial blood							'calcium(2+)'			
OBI:3100031	Lipid screen assay for cholesterol in blood							"Mark A. Miller, ORCID:0000-0001-9076-6066 & Chris Stoeckert, ORCID ORCID:0000-0002-5714-991X"			subclass		assay			blood							'cholesterol'			
OBI:3100032	Lipid screen assay for high-density lipoprotein cholesterol in blood							"Mark A. Miller, ORCID:0000-0001-9076-6066 & Chris Stoeckert, ORCID ORCID:0000-0002-5714-991X"			subclass		assay			blood							'high-density lipoprotein cholesterol'			
OBI:3100033	Lipid screen assay for triglyceride in blood							"Mark A. Miller, ORCID:0000-0001-9076-6066 & Chris Stoeckert, ORCID ORCID:0000-0002-5714-991X"			subclass		assay			blood							'triglyceride'			
OBI:3100034	"metabolic panel, comprehensive assay for sodium molecular entity in blood"							"Mark A. Miller, ORCID:0000-0001-9076-6066 & Chris Stoeckert, ORCID ORCID:0000-0002-5714-991X"			subclass		assay			blood							'sodium molecular entity'			
OBI:3100035	"metabolic panel, comprehensive assay for glucose in blood"							"Mark A. Miller, ORCID:0000-0001-9076-6066 & Chris Stoeckert, ORCID ORCID:0000-0002-5714-991X"			subclass		assay			blood							'glucose'			
OBI:3100036	"metabolic panel, comprehensive assay for protein in blood"							"Mark A. Miller, ORCID:0000-0001-9076-6066 & Chris Stoeckert, ORCID ORCID:0000-0002-5714-991X"			subclass		assay			blood							'protein'			
OBI:3100037	"metabolic panel, comprehensive assay for carbon dioxide in blood"							"Mark A. Miller, ORCID:0000-0001-9076-6066 & Chris Stoeckert, ORCID ORCID:0000-0002-5714-991X"			subclass		assay			blood							'carbon dioxide'			
OBI:3100038	"metabolic panel, comprehensive assay for calcium molecular entity in blood"							"Mark A. Miller, ORCID:0000-0001-9076-6066 & Chris Stoeckert, ORCID ORCID:0000-0002-5714-991X"			subclass		assay			blood							'calcium molecular entity'			
OBI:3100039	"metabolic panel, comprehensive assay for potassium molecular entity in blood"							"Mark A. Miller, ORCID:0000-0001-9076-6066 & Chris Stoeckert, ORCID ORCID:0000-0002-5714-991X"			subclass		assay			blood							'potassium molecular entity'			
OBI:3100040	"metabolic panel, comprehensive assay for chloride in blood"							"Mark A. Miller, ORCID:0000-0001-9076-6066 & Chris Stoeckert, ORCID ORCID:0000-0002-5714-991X"			subclass		assay			blood							'chloride'			
OBI:3100041	"metabolic panel, comprehensive assay for creatinine in blood"							"Mark A. Miller, ORCID:0000-0001-9076-6066 & Chris Stoeckert, ORCID ORCID:0000-0002-5714-991X"			subclass		assay			blood							'creatinine'			
OBI:3100042	"metabolic panel, comprehensive assay for bilirubin IXalpha in blood"							"Mark A. Miller, ORCID:0000-0001-9076-6066 & Chris Stoeckert, ORCID ORCID:0000-0002-5714-991X"			subclass		assay			blood							'bilirubin IXalpha'			
OBI:3100043	"metabolic panel, basic assay for potassium molecular entity in blood"							"Mark A. Miller, ORCID:0000-0001-9076-6066 & Chris Stoeckert, ORCID ORCID:0000-0002-5714-991X"			subclass		assay			blood							'potassium molecular entity'			
OBI:3100044	"metabolic panel, basic assay for creatinine in blood"							"Mark A. Miller, ORCID:0000-0001-9076-6066 & Chris Stoeckert, ORCID ORCID:0000-0002-5714-991X"			subclass		assay			blood							'creatinine'			
OBI:3100045	"metabolic panel, basic assay for chloride in blood"							"Mark A. Miller, ORCID:0000-0001-9076-6066 & Chris Stoeckert, ORCID ORCID:0000-0002-5714-991X"			subclass		assay			blood							'chloride'			
OBI:3100046	"metabolic panel, basic assay for glucose in blood"							"Mark A. Miller, ORCID:0000-0001-9076-6066 & Chris Stoeckert, ORCID ORCID:0000-0002-5714-991X"			subclass		assay			blood							'glucose'			
OBI:3100047	"metabolic panel, basic assay for carbon dioxide in blood"							"Mark A. Miller, ORCID:0000-0001-9076-6066 & Chris Stoeckert, ORCID ORCID:0000-0002-5714-991X"			subclass		assay			blood							'carbon dioxide'			
OBI:3100048	"metabolic panel, basic assay for calcium molecular entity in blood"							"Mark A. Miller, ORCID:0000-0001-9076-6066 & Chris Stoeckert, ORCID ORCID:0000-0002-5714-991X"			subclass		assay			blood							'calcium molecular entity'			
OBI:3100049	"metabolic panel, basic assay for sodium molecular entity in blood"							"Mark A. Miller, ORCID:0000-0001-9076-6066 & Chris Stoeckert, ORCID ORCID:0000-0002-5714-991X"			subclass		assay			blood							'sodium molecular entity'			
OBI:3100050	Creatinine assay for creatinine in blood							"Mark A. Miller, ORCID:0000-0001-9076-6066 & Chris Stoeckert, ORCID ORCID:0000-0002-5714-991X"			subclass		assay			blood							'creatinine'			
OBI:3100051	Magnesium assay for magnesium molecular entity in blood							"Mark A. Miller, ORCID:0000-0001-9076-6066 & Chris Stoeckert, ORCID ORCID:0000-0002-5714-991X"			subclass		assay			blood							'magnesium molecular entity'			
OBI:3100052	Thyroid stimulating hormone with reflex free T4 assay for thyroxine in blood							"Mark A. Miller, ORCID:0000-0001-9076-6066 & Chris Stoeckert, ORCID ORCID:0000-0002-5714-991X"			subclass		assay			blood							'thyroxine'			
OBI:3100053	"Glucose, plasma, POC assay for glucose in blood"							"Mark A. Miller, ORCID:0000-0001-9076-6066 & Chris Stoeckert, ORCID ORCID:0000-0002-5714-991X"			subclass		assay			blood							'glucose'			
OBI:3100054	"blood gas, arterial assay for lactate in blood"							"Mark A. Miller, ORCID:0000-0001-9076-6066 & Chris Stoeckert, ORCID ORCID:0000-0002-5714-991X"			subclass		assay			blood							'lactate'			
OBI:3100055	Panel 5 assay for sodium molecular entity in blood							"Mark A. Miller, ORCID:0000-0001-9076-6066 & Chris Stoeckert, ORCID ORCID:0000-0002-5714-991X"			subclass		assay			blood							'sodium molecular entity'			
OBI:3100056	Panel 5 assay for potassium molecular entity in blood							"Mark A. Miller, ORCID:0000-0001-9076-6066 & Chris Stoeckert, ORCID ORCID:0000-0002-5714-991X"			subclass		assay			blood							'potassium molecular entity'			
OBI:3100057	Panel 5 assay for creatinine in blood							"Mark A. Miller, ORCID:0000-0001-9076-6066 & Chris Stoeckert, ORCID ORCID:0000-0002-5714-991X"			subclass		assay			blood							'creatinine'			
OBI:3100058	Panel 5 assay for carbon dioxide in blood							"Mark A. Miller, ORCID:0000-0001-9076-6066 & Chris Stoeckert, ORCID ORCID:0000-0002-5714-991X"			subclass		assay			blood							'carbon dioxide'			
OBI:3100059	"Creatine, serum assay for creatinine in blood"							"Mark A. Miller, ORCID:0000-0001-9076-6066 & Chris Stoeckert, ORCID ORCID:0000-0002-5714-991X"			subclass		assay			blood							'creatinine'			
OBI:3100060	Iron/transferrin/transferrin satuartion assay for iron molecular entity in blood							"Mark A. Miller, ORCID:0000-0001-9076-6066 & Chris Stoeckert, ORCID ORCID:0000-0002-5714-991X"			subclass		assay			blood							'iron molecular entity'			
OBI:3100061	"blood gas, venous assay for glucose in blood"							"Mark A. Miller, ORCID:0000-0001-9076-6066 & Chris Stoeckert, ORCID ORCID:0000-0002-5714-991X"			subclass		assay			blood							'glucose'			
OBI:3100062	"blood gas, venous assay for calcium(2+) in blood"							"Mark A. Miller, ORCID:0000-0001-9076-6066 & Chris Stoeckert, ORCID ORCID:0000-0002-5714-991X"			subclass		assay			blood							'calcium(2+)'			
OBI:3100063	Phosphorus assay for phosphate(3-) in blood							"Mark A. Miller, ORCID:0000-0001-9076-6066 & Chris Stoeckert, ORCID ORCID:0000-0002-5714-991X"			subclass		assay			blood							'phosphate(3-)'			
OBI:3100064	Liver panel assay for bilirubin IXalpha in blood							"Mark A. Miller, ORCID:0000-0001-9076-6066 & Chris Stoeckert, ORCID ORCID:0000-0002-5714-991X"			subclass		assay			blood							'bilirubin IXalpha'			
OBI:3100065	Liver panel assay for protein in blood							"Mark A. Miller, ORCID:0000-0001-9076-6066 & Chris Stoeckert, ORCID ORCID:0000-0002-5714-991X"			subclass		assay			blood							'protein'			
OBI:3100066	NA assay for sodium molecular entity in blood							"Mark A. Miller, ORCID:0000-0001-9076-6066 & Chris Stoeckert, ORCID ORCID:0000-0002-5714-991X"			subclass		assay			blood							'sodium molecular entity'			
OBI:3100067	"Glucose, POC assay for glucose in blood"							"Mark A. Miller, ORCID:0000-0001-9076-6066 & Chris Stoeckert, ORCID ORCID:0000-0002-5714-991X"			subclass		assay			blood							'glucose'			
OBI:3100068	NA assay for potassium molecular entity in blood							"Mark A. Miller, ORCID:0000-0001-9076-6066 & Chris Stoeckert, ORCID ORCID:0000-0002-5714-991X"			subclass		assay			blood							'potassium molecular entity'			
OBI:3100069	"Lactic acid, whole blood assay for lactate in blood"							"Mark A. Miller, ORCID:0000-0001-9076-6066 & Chris Stoeckert, ORCID ORCID:0000-0002-5714-991X"			subclass		assay			blood							'lactate'			
OBI:3100070	"blood gas, venous assay for lactate in blood"							"Mark A. Miller, ORCID:0000-0001-9076-6066 & Chris Stoeckert, ORCID ORCID:0000-0002-5714-991X"			subclass		assay			blood							'lactate'			
OBI:3100071	"blood gas, venous assay for chloride in blood"							"Mark A. Miller, ORCID:0000-0001-9076-6066 & Chris Stoeckert, ORCID ORCID:0000-0002-5714-991X"			subclass		assay			blood							'chloride'			
OBI:3100072	"blood gas, venous assay for sodium molecular entity in blood"							"Mark A. Miller, ORCID:0000-0001-9076-6066 & Chris Stoeckert, ORCID ORCID:0000-0002-5714-991X"			subclass		assay			blood							'sodium molecular entity'			
OBI:3100073	Lactic acid assay for lactate in blood							"Mark A. Miller, ORCID:0000-0001-9076-6066 & Chris Stoeckert, ORCID ORCID:0000-0002-5714-991X"			subclass		assay			blood							'lactate'			
OBI:3100074	NA assay for uric acid in blood							"Mark A. Miller, ORCID:0000-0001-9076-6066 & Chris Stoeckert, ORCID ORCID:0000-0002-5714-991X"			subclass		assay			blood							'uric acid'			
OBI:3100075	"blood gas, venous assay for potassium molecular entity in blood"							"Mark A. Miller, ORCID:0000-0001-9076-6066 & Chris Stoeckert, ORCID ORCID:0000-0002-5714-991X"			subclass		assay			blood							'potassium molecular entity'			
OBI:3100076	"blood gas, venous assay for carbon dioxide in blood"							"Mark A. Miller, ORCID:0000-0001-9076-6066 & Chris Stoeckert, ORCID ORCID:0000-0002-5714-991X"			subclass		assay			blood							'carbon dioxide'			
OBI:3100077	NA assay for ethanol in blood							"Mark A. Miller, ORCID:0000-0001-9076-6066 & Chris Stoeckert, ORCID ORCID:0000-0002-5714-991X"			subclass		assay			blood							'ethanol'			
OBI:3100078	"blood gas, arterial assay for sodium molecular entity in blood"							"Mark A. Miller, ORCID:0000-0001-9076-6066 & Chris Stoeckert, ORCID ORCID:0000-0002-5714-991X"			subclass		assay			blood							'sodium molecular entity'			
OBI:3100079	"blood gas, arterial assay for potassium molecular entity in blood"							"Mark A. Miller, ORCID:0000-0001-9076-6066 & Chris Stoeckert, ORCID ORCID:0000-0002-5714-991X"			subclass		assay			blood							'potassium molecular entity'			
OBI:3100080	"blood gas, arterial assay for glucose in blood"							"Mark A. Miller, ORCID:0000-0001-9076-6066 & Chris Stoeckert, ORCID ORCID:0000-0002-5714-991X"			subclass		assay			blood							'glucose'			
OBI:3100081	"blood gas, arterial assay for calcium(2+) in blood"							"Mark A. Miller, ORCID:0000-0001-9076-6066 & Chris Stoeckert, ORCID ORCID:0000-0002-5714-991X"			subclass		assay			blood							'calcium(2+)'			
OBI:3100082	"blood gas, arterial assay for carbon dioxide in blood"							"Mark A. Miller, ORCID:0000-0001-9076-6066 & Chris Stoeckert, ORCID ORCID:0000-0002-5714-991X"			subclass		assay			blood							'carbon dioxide'			
OBI:3100083	"metabolic panel, comprehensive assay for magnesium molecular entity in blood"							"Mark A. Miller, ORCID:0000-0001-9076-6066 & Chris Stoeckert, ORCID ORCID:0000-0002-5714-991X"			subclass		assay			blood							'magnesium molecular entity'			
OBI:3100084	NA assay for triglyceride in blood							"Mark A. Miller, ORCID:0000-0001-9076-6066 & Chris Stoeckert, ORCID ORCID:0000-0002-5714-991X"			subclass		assay			blood							'triglyceride'			
OBI:3100085	heme eval/profile assay for folates in blood							"Mark A. Miller, ORCID:0000-0001-9076-6066 & Chris Stoeckert, ORCID ORCID:0000-0002-5714-991X"			subclass		assay			blood							'folates'			
OBI:3100086	NA assay for vancomycin in blood							"Mark A. Miller, ORCID:0000-0001-9076-6066 & Chris Stoeckert, ORCID ORCID:0000-0002-5714-991X"			subclass		assay			blood							'vancomycin'			
OBI:3100087	Iron assay for iron molecular entity in blood							"Mark A. Miller, ORCID:0000-0001-9076-6066 & Chris Stoeckert, ORCID ORCID:0000-0002-5714-991X"			subclass		assay			blood							'iron molecular entity'			
OBI:3100088	Folate assay for folates in blood							"Mark A. Miller, ORCID:0000-0001-9076-6066 & Chris Stoeckert, ORCID ORCID:0000-0002-5714-991X"			subclass		assay			blood							'folates'			
OBI:3100089	Panel 5 assay for carbon dioxide in venous blood							"Mark A. Miller, ORCID:0000-0001-9076-6066 & Chris Stoeckert, ORCID ORCID:0000-0002-5714-991X"			subclass		assay			venous blood							'carbon dioxide'			
OBI:3100090	Panel 5 assay for sodium molecular entity in venous blood							"Mark A. Miller, ORCID:0000-0001-9076-6066 & Chris Stoeckert, ORCID ORCID:0000-0002-5714-991X"			subclass		assay			venous blood							'sodium molecular entity'			
OBI:3100091	Panel 5 assay for creatinine in venous blood							"Mark A. Miller, ORCID:0000-0001-9076-6066 & Chris Stoeckert, ORCID ORCID:0000-0002-5714-991X"			subclass		assay			venous blood							'creatinine'			
OBI:3100092	Panel 5 assay for potassium molecular entity in venous blood							"Mark A. Miller, ORCID:0000-0001-9076-6066 & Chris Stoeckert, ORCID ORCID:0000-0002-5714-991X"			subclass		assay			venous blood							'potassium molecular entity'			
OBI:3100093	Chloride assay for chloride in venous blood							"Mark A. Miller, ORCID:0000-0001-9076-6066 & Chris Stoeckert, ORCID ORCID:0000-0002-5714-991X"			subclass		assay			venous blood							'chloride'			
OBI:3100094	Phosphorus assay for phosphorus molecular entity in venous blood							"Mark A. Miller, ORCID:0000-0001-9076-6066 & Chris Stoeckert, ORCID ORCID:0000-0002-5714-991X"			subclass		assay			venous blood							'phosphorus molecular entity'			
OBI:3100095	Liver panel assay for bilirubin IXalpha in venous blood							"Mark A. Miller, ORCID:0000-0001-9076-6066 & Chris Stoeckert, ORCID ORCID:0000-0002-5714-991X"			subclass		assay			venous blood							'bilirubin IXalpha'			
OBI:3100096	Glucose assay for glucose in venous blood							"Mark A. Miller, ORCID:0000-0001-9076-6066 & Chris Stoeckert, ORCID ORCID:0000-0002-5714-991X"			subclass		assay			venous blood							'glucose'			
OBI:3100097	Magnesium assay for magnesium molecular entity in venous blood							"Mark A. Miller, ORCID:0000-0001-9076-6066 & Chris Stoeckert, ORCID ORCID:0000-0002-5714-991X"			subclass		assay			venous blood							'magnesium molecular entity'			
OBI:3100098	Liver panel assay for protein in venous blood							"Mark A. Miller, ORCID:0000-0001-9076-6066 & Chris Stoeckert, ORCID ORCID:0000-0002-5714-991X"			subclass		assay			venous blood							'protein'			
OBI:3100099	"metabolic panel, basic assay for chloride in venous blood"							"Mark A. Miller, ORCID:0000-0001-9076-6066 & Chris Stoeckert, ORCID ORCID:0000-0002-5714-991X"			subclass		assay			venous blood							'chloride'			
OBI:3100100	"metabolic panel, basic assay for potassium molecular entity in venous blood"							"Mark A. Miller, ORCID:0000-0001-9076-6066 & Chris Stoeckert, ORCID ORCID:0000-0002-5714-991X"			subclass		assay			venous blood							'potassium molecular entity'			
OBI:3100101	"metabolic panel, basic assay for sodium molecular entity in venous blood"							"Mark A. Miller, ORCID:0000-0001-9076-6066 & Chris Stoeckert, ORCID ORCID:0000-0002-5714-991X"			subclass		assay			venous blood							'sodium molecular entity'			
OBI:3100102	"metabolic panel, basic assay for creatinine in venous blood"							"Mark A. Miller, ORCID:0000-0001-9076-6066 & Chris Stoeckert, ORCID ORCID:0000-0002-5714-991X"			subclass		assay			venous blood							'creatinine'			
OBI:3100103	"metabolic panel, basic assay for glucose in venous blood"							"Mark A. Miller, ORCID:0000-0001-9076-6066 & Chris Stoeckert, ORCID ORCID:0000-0002-5714-991X"			subclass		assay			venous blood							'glucose'			
OBI:3100104	"metabolic panel, basic assay for calcium molecular entity in venous blood"							"Mark A. Miller, ORCID:0000-0001-9076-6066 & Chris Stoeckert, ORCID ORCID:0000-0002-5714-991X"			subclass		assay			venous blood							'calcium molecular entity'			
OBI:3100105	"metabolic panel, basic assay for carbon dioxide in venous blood"							"Mark A. Miller, ORCID:0000-0001-9076-6066 & Chris Stoeckert, ORCID ORCID:0000-0002-5714-991X"			subclass		assay			venous blood							'carbon dioxide'			
OBI:3100106	NA assay for calcium molecular entity in venous blood							"Mark A. Miller, ORCID:0000-0001-9076-6066 & Chris Stoeckert, ORCID ORCID:0000-0002-5714-991X"			subclass		assay			venous blood							'calcium molecular entity'			
OBI:3100107	Lipid panel assay for triglyceride in venous blood							"Mark A. Miller, ORCID:0000-0001-9076-6066 & Chris Stoeckert, ORCID ORCID:0000-0002-5714-991X"			subclass		assay			venous blood							'triglyceride'			
OBI:3100108	Lipid panel assay for high-density lipoprotein cholesterol in venous blood							"Mark A. Miller, ORCID:0000-0001-9076-6066 & Chris Stoeckert, ORCID ORCID:0000-0002-5714-991X"			subclass		assay			venous blood							'high-density lipoprotein cholesterol'			
OBI:3100109	Lipid panel assay for cholesterol in venous blood							"Mark A. Miller, ORCID:0000-0001-9076-6066 & Chris Stoeckert, ORCID ORCID:0000-0002-5714-991X"			subclass		assay			venous blood							'cholesterol'			
OBI:3100110	NA assay for uric acid in venous blood							"Mark A. Miller, ORCID:0000-0001-9076-6066 & Chris Stoeckert, ORCID ORCID:0000-0002-5714-991X"			subclass		assay			venous blood							'uric acid'			
OBI:3100111	"Protein, total assay for protein in venous blood"							"Mark A. Miller, ORCID:0000-0001-9076-6066 & Chris Stoeckert, ORCID ORCID:0000-0002-5714-991X"			subclass		assay			venous blood							'protein'			
OBI:3100112	"T4, T3 uptake and free T4 index assay for thyroxine in venous blood"							"Mark A. Miller, ORCID:0000-0001-9076-6066 & Chris Stoeckert, ORCID ORCID:0000-0002-5714-991X"			subclass		assay			venous blood							'thyroxine'			
OBI:3100113	NA assay for sodium molecular entity in venous blood							"Mark A. Miller, ORCID:0000-0001-9076-6066 & Chris Stoeckert, ORCID ORCID:0000-0002-5714-991X"			subclass		assay			venous blood							'sodium molecular entity'			
OBI:3100114	NA assay for creatinine in venous blood							"Mark A. Miller, ORCID:0000-0001-9076-6066 & Chris Stoeckert, ORCID ORCID:0000-0002-5714-991X"			subclass		assay			venous blood							'creatinine'			
OBI:3100115	NA assay for potassium molecular entity in venous blood							"Mark A. Miller, ORCID:0000-0001-9076-6066 & Chris Stoeckert, ORCID ORCID:0000-0002-5714-991X"			subclass		assay			venous blood							'potassium molecular entity'			
OBI:3100116	NA assay for carbon dioxide in venous blood							"Mark A. Miller, ORCID:0000-0001-9076-6066 & Chris Stoeckert, ORCID ORCID:0000-0002-5714-991X"			subclass		assay			venous blood							'carbon dioxide'			
OBI:3100117	NA assay for iron molecular entity in venous blood							"Mark A. Miller, ORCID:0000-0001-9076-6066 & Chris Stoeckert, ORCID ORCID:0000-0002-5714-991X"			subclass		assay			venous blood							'iron molecular entity'			
OBI:3100118	Folate assay for folates in venous blood							"Mark A. Miller, ORCID:0000-0001-9076-6066 & Chris Stoeckert, ORCID ORCID:0000-0002-5714-991X"			subclass		assay			venous blood							'folates'			
OBI:3100119	"metabolic panel, comprehensive assay for carbon dioxide in venous blood"							"Mark A. Miller, ORCID:0000-0001-9076-6066 & Chris Stoeckert, ORCID ORCID:0000-0002-5714-991X"			subclass		assay			venous blood							'carbon dioxide'			
OBI:3100120	"metabolic panel, comprehensive assay for calcium molecular entity in venous blood"							"Mark A. Miller, ORCID:0000-0001-9076-6066 & Chris Stoeckert, ORCID ORCID:0000-0002-5714-991X"			subclass		assay			venous blood							'calcium molecular entity'			
OBI:3100121	"metabolic panel, comprehensive assay for potassium molecular entity in venous blood"							"Mark A. Miller, ORCID:0000-0001-9076-6066 & Chris Stoeckert, ORCID ORCID:0000-0002-5714-991X"			subclass		assay			venous blood							'potassium molecular entity'			
OBI:3100122	"metabolic panel, comprehensive assay for sodium molecular entity in venous blood"							"Mark A. Miller, ORCID:0000-0001-9076-6066 & Chris Stoeckert, ORCID ORCID:0000-0002-5714-991X"			subclass		assay			venous blood							'sodium molecular entity'			
OBI:3100123	"metabolic panel, comprehensive assay for glucose in venous blood"							"Mark A. Miller, ORCID:0000-0001-9076-6066 & Chris Stoeckert, ORCID ORCID:0000-0002-5714-991X"			subclass		assay			venous blood							'glucose'			
OBI:3100124	"metabolic panel, comprehensive assay for bilirubin IXalpha in venous blood"							"Mark A. Miller, ORCID:0000-0001-9076-6066 & Chris Stoeckert, ORCID ORCID:0000-0002-5714-991X"			subclass		assay			venous blood							'bilirubin IXalpha'			
OBI:3100125	"metabolic panel, comprehensive assay for chloride in venous blood"							"Mark A. Miller, ORCID:0000-0001-9076-6066 & Chris Stoeckert, ORCID ORCID:0000-0002-5714-991X"			subclass		assay			venous blood							'chloride'			
OBI:3100126	"metabolic panel, comprehensive assay for protein in venous blood"							"Mark A. Miller, ORCID:0000-0001-9076-6066 & Chris Stoeckert, ORCID ORCID:0000-0002-5714-991X"			subclass		assay			venous blood							'protein'			
OBI:3100127	"metabolic panel, comprehensive assay for creatinine in venous blood"							"Mark A. Miller, ORCID:0000-0001-9076-6066 & Chris Stoeckert, ORCID ORCID:0000-0002-5714-991X"			subclass		assay			venous blood							'creatinine'			
OBI:3100128	Sodium and potassium assay for potassium molecular entity in venous blood							"Mark A. Miller, ORCID:0000-0001-9076-6066 & Chris Stoeckert, ORCID ORCID:0000-0002-5714-991X"			subclass		assay			venous blood							'potassium molecular entity'			
OBI:3100129	Sodium and potassium assay for sodium molecular entity in venous blood							"Mark A. Miller, ORCID:0000-0001-9076-6066 & Chris Stoeckert, ORCID ORCID:0000-0002-5714-991X"			subclass		assay			venous blood							'sodium molecular entity'			
OBI:3100130	NA assay for (S)-lactic acid in venous blood							"Mark A. Miller, ORCID:0000-0001-9076-6066 & Chris Stoeckert, ORCID ORCID:0000-0002-5714-991X"			subclass		assay			venous blood							'(S)-lactic acid'			
OBI:3100131	NA assay for calcium(2+) in venous blood							"Mark A. Miller, ORCID:0000-0001-9076-6066 & Chris Stoeckert, ORCID ORCID:0000-0002-5714-991X"			subclass		assay			venous blood							'calcium(2+)'			
OBI:3100132	Tacrolimus level assay for tacrolimus (anhydrous) in venous blood							"Mark A. Miller, ORCID:0000-0001-9076-6066 & Chris Stoeckert, ORCID ORCID:0000-0002-5714-991X"			subclass		assay			venous blood							'tacrolimus (anhydrous)'			
OBI:3100133	Vitamin E assay for vancomycin in venous blood							"Mark A. Miller, ORCID:0000-0001-9076-6066 & Chris Stoeckert, ORCID ORCID:0000-0002-5714-991X"			subclass		assay			venous blood							'vancomycin'			
OBI:3100134	Lactic acid assay for (S)-lactic acid in venous blood							"Mark A. Miller, ORCID:0000-0001-9076-6066 & Chris Stoeckert, ORCID ORCID:0000-0002-5714-991X"			subclass		assay			venous blood							'(S)-lactic acid'			
OBI:3100135	NA assay for mycophenolic acid in venous blood							"Mark A. Miller, ORCID:0000-0001-9076-6066 & Chris Stoeckert, ORCID ORCID:0000-0002-5714-991X"			subclass		assay			venous blood							'mycophenolic acid'			
OBI:3100136	"blood gas, venous assay for calcium(2+) in venous blood"							"Mark A. Miller, ORCID:0000-0001-9076-6066 & Chris Stoeckert, ORCID ORCID:0000-0002-5714-991X"			subclass		assay			venous blood							'calcium(2+)'			
OBI:3100137	"blood gas, venous assay for potassium molecular entity in venous blood"							"Mark A. Miller, ORCID:0000-0001-9076-6066 & Chris Stoeckert, ORCID ORCID:0000-0002-5714-991X"			subclass		assay			venous blood							'potassium molecular entity'			
OBI:3100138	"blood gas, venous assay for glucose in venous blood"							"Mark A. Miller, ORCID:0000-0001-9076-6066 & Chris Stoeckert, ORCID ORCID:0000-0002-5714-991X"			subclass		assay			venous blood							'glucose'			
OBI:3100139	"blood gas, venous assay for (S)-lactic acid in venous blood"							"Mark A. Miller, ORCID:0000-0001-9076-6066 & Chris Stoeckert, ORCID ORCID:0000-0002-5714-991X"			subclass		assay			venous blood							'(S)-lactic acid'			
OBI:3100140	"blood gas, venous assay for sodium molecular entity in venous blood"							"Mark A. Miller, ORCID:0000-0001-9076-6066 & Chris Stoeckert, ORCID ORCID:0000-0002-5714-991X"			subclass		assay			venous blood							'sodium molecular entity'			
OBI:3100141	NA assay for tobramycin in venous blood							"Mark A. Miller, ORCID:0000-0001-9076-6066 & Chris Stoeckert, ORCID ORCID:0000-0002-5714-991X"			subclass		assay			venous blood							'tobramycin'			
OBI:3100142	Iron assay for iron molecular entity in venous blood							"Mark A. Miller, ORCID:0000-0001-9076-6066 & Chris Stoeckert, ORCID ORCID:0000-0002-5714-991X"			subclass		assay			venous blood							'iron molecular entity'			
OBI:3100143	Vitamin D subtypes assay for 25-hydroxyvitamin D2 in venous blood							"Mark A. Miller, ORCID:0000-0001-9076-6066 & Chris Stoeckert, ORCID ORCID:0000-0002-5714-991X"			subclass		assay			venous blood							'25-hydroxyvitamin D2'			
OBI:3100144	Vitamin D subtypes assay for calcidiol in venous blood							"Mark A. Miller, ORCID:0000-0001-9076-6066 & Chris Stoeckert, ORCID ORCID:0000-0002-5714-991X"			subclass		assay			venous blood							'calcidiol'			
OBI:3100145	NA assay for digoxin in venous blood							"Mark A. Miller, ORCID:0000-0001-9076-6066 & Chris Stoeckert, ORCID ORCID:0000-0002-5714-991X"			subclass		assay			venous blood							'digoxin'			
OBI:3100146	NA assay for protein in venous blood							"Mark A. Miller, ORCID:0000-0001-9076-6066 & Chris Stoeckert, ORCID ORCID:0000-0002-5714-991X"			subclass		assay			venous blood							'protein'			
OBI:3100147	Iron/transferrin/transferrin satuartion assay for iron molecular entity in venous blood							"Mark A. Miller, ORCID:0000-0001-9076-6066 & Chris Stoeckert, ORCID ORCID:0000-0002-5714-991X"			subclass		assay			venous blood							'iron molecular entity'			
OBI:3100148	NA assay for amikacin in venous blood							"Mark A. Miller, ORCID:0000-0001-9076-6066 & Chris Stoeckert, ORCID ORCID:0000-0002-5714-991X"			subclass		assay			venous blood							'amikacin'			
OBI:3100149	Chem11 assay for phosphorus molecular entity in venous blood							"Mark A. Miller, ORCID:0000-0001-9076-6066 & Chris Stoeckert, ORCID ORCID:0000-0002-5714-991X"			subclass		assay			venous blood							'phosphorus molecular entity'			
OBI:3100150	Chem11 assay for potassium molecular entity in venous blood							"Mark A. Miller, ORCID:0000-0001-9076-6066 & Chris Stoeckert, ORCID ORCID:0000-0002-5714-991X"			subclass		assay			venous blood							'potassium molecular entity'			
OBI:3100151	Chem11 assay for calcium molecular entity in venous blood							"Mark A. Miller, ORCID:0000-0001-9076-6066 & Chris Stoeckert, ORCID ORCID:0000-0002-5714-991X"			subclass		assay			venous blood							'calcium molecular entity'			
OBI:3100152	Chem11 assay for glucose in venous blood							"Mark A. Miller, ORCID:0000-0001-9076-6066 & Chris Stoeckert, ORCID ORCID:0000-0002-5714-991X"			subclass		assay			venous blood							'glucose'			
OBI:3100153	Chem11 assay for carbon dioxide in venous blood							"Mark A. Miller, ORCID:0000-0001-9076-6066 & Chris Stoeckert, ORCID ORCID:0000-0002-5714-991X"			subclass		assay			venous blood							'carbon dioxide'			
OBI:3100154	Chem11 assay for sodium molecular entity in venous blood							"Mark A. Miller, ORCID:0000-0001-9076-6066 & Chris Stoeckert, ORCID ORCID:0000-0002-5714-991X"			subclass		assay			venous blood							'sodium molecular entity'			
OBI:3100155	Chem11 assay for magnesium molecular entity in venous blood							"Mark A. Miller, ORCID:0000-0001-9076-6066 & Chris Stoeckert, ORCID ORCID:0000-0002-5714-991X"			subclass		assay			venous blood							'magnesium molecular entity'			
OBI:3100156	Chem11 assay for creatinine in venous blood							"Mark A. Miller, ORCID:0000-0001-9076-6066 & Chris Stoeckert, ORCID ORCID:0000-0002-5714-991X"			subclass		assay			venous blood							'creatinine'			
OBI:3100157	Chem11 assay for chloride in venous blood							"Mark A. Miller, ORCID:0000-0001-9076-6066 & Chris Stoeckert, ORCID ORCID:0000-0002-5714-991X"			subclass		assay			venous blood							'chloride'			
OBI:3100158	Creatinine assay for creatinine in venous blood							"Mark A. Miller, ORCID:0000-0001-9076-6066 & Chris Stoeckert, ORCID ORCID:0000-0002-5714-991X"			subclass		assay			venous blood							'creatinine'			
OBI:3100159	Chem16 assay for creatinine in venous blood							"Mark A. Miller, ORCID:0000-0001-9076-6066 & Chris Stoeckert, ORCID ORCID:0000-0002-5714-991X"			subclass		assay			venous blood							'creatinine'			
OBI:3100160	Chem16 assay for magnesium molecular entity in venous blood							"Mark A. Miller, ORCID:0000-0001-9076-6066 & Chris Stoeckert, ORCID ORCID:0000-0002-5714-991X"			subclass		assay			venous blood							'magnesium molecular entity'			
OBI:3100161	Chem16 assay for carbon dioxide in venous blood							"Mark A. Miller, ORCID:0000-0001-9076-6066 & Chris Stoeckert, ORCID ORCID:0000-0002-5714-991X"			subclass		assay			venous blood							'carbon dioxide'			
OBI:3100162	Chem16 assay for glucose in venous blood							"Mark A. Miller, ORCID:0000-0001-9076-6066 & Chris Stoeckert, ORCID ORCID:0000-0002-5714-991X"			subclass		assay			venous blood							'glucose'			
OBI:3100163	Chem16 assay for calcium molecular entity in venous blood							"Mark A. Miller, ORCID:0000-0001-9076-6066 & Chris Stoeckert, ORCID ORCID:0000-0002-5714-991X"			subclass		assay			venous blood							'calcium molecular entity'			
OBI:3100164	Chem16 assay for triglyceride in venous blood							"Mark A. Miller, ORCID:0000-0001-9076-6066 & Chris Stoeckert, ORCID ORCID:0000-0002-5714-991X"			subclass		assay			venous blood							'triglyceride'			
OBI:3100165	Chem16 assay for phosphorus molecular entity in venous blood							"Mark A. Miller, ORCID:0000-0001-9076-6066 & Chris Stoeckert, ORCID ORCID:0000-0002-5714-991X"			subclass		assay			venous blood							'phosphorus molecular entity'			
OBI:3100166	Chem16 assay for sodium molecular entity in venous blood							"Mark A. Miller, ORCID:0000-0001-9076-6066 & Chris Stoeckert, ORCID ORCID:0000-0002-5714-991X"			subclass		assay			venous blood							'sodium molecular entity'			
OBI:3100167	Chem16 assay for bilirubin IXalpha in venous blood							"Mark A. Miller, ORCID:0000-0001-9076-6066 & Chris Stoeckert, ORCID ORCID:0000-0002-5714-991X"			subclass		assay			venous blood							'bilirubin IXalpha'			
OBI:3100168	Chem16 assay for chloride in venous blood							"Mark A. Miller, ORCID:0000-0001-9076-6066 & Chris Stoeckert, ORCID ORCID:0000-0002-5714-991X"			subclass		assay			venous blood							'chloride'			
OBI:3100169	Chem16 assay for potassium molecular entity in venous blood							"Mark A. Miller, ORCID:0000-0001-9076-6066 & Chris Stoeckert, ORCID ORCID:0000-0002-5714-991X"			subclass		assay			venous blood							'potassium molecular entity'			
OBI:3100170	"Cholesterol, total assay for cholesterol in venous blood"							"Mark A. Miller, ORCID:0000-0001-9076-6066 & Chris Stoeckert, ORCID ORCID:0000-0002-5714-991X"			subclass		assay			venous blood							'cholesterol'			
OBI:3100171	NA assay for triglyceride in venous blood							"Mark A. Miller, ORCID:0000-0001-9076-6066 & Chris Stoeckert, ORCID ORCID:0000-0002-5714-991X"			subclass		assay			venous blood							'triglyceride'			
OBI:3100172	NA assay for testosterone in venous blood							"Mark A. Miller, ORCID:0000-0001-9076-6066 & Chris Stoeckert, ORCID ORCID:0000-0002-5714-991X"			subclass		assay			venous blood							'testosterone'			
OBI:3100173	Vitamin B1 assay for thiamine in venous blood							"Mark A. Miller, ORCID:0000-0001-9076-6066 & Chris Stoeckert, ORCID ORCID:0000-0002-5714-991X"			subclass		assay			venous blood							'thiamine'			
OBI:3100174	NA assay for cortisol in venous blood							"Mark A. Miller, ORCID:0000-0001-9076-6066 & Chris Stoeckert, ORCID ORCID:0000-0002-5714-991X"			subclass		assay			venous blood							'cortisol'			
OBI:3100175	"blood gas, venous assay for chloride in venous blood"							"Mark A. Miller, ORCID:0000-0001-9076-6066 & Chris Stoeckert, ORCID ORCID:0000-0002-5714-991X"			subclass		assay			venous blood							'chloride'			
OBI:3100176	T4 assay for thyroxine in venous blood							"Mark A. Miller, ORCID:0000-0001-9076-6066 & Chris Stoeckert, ORCID ORCID:0000-0002-5714-991X"			subclass		assay			venous blood							'thyroxine'			
OBI:3100177	NA assay for phosphorus molecular entity in venous blood							"Mark A. Miller, ORCID:0000-0001-9076-6066 & Chris Stoeckert, ORCID ORCID:0000-0002-5714-991X"			subclass		assay			venous blood							'phosphorus molecular entity'			
OBI:3100178	NA assay for vancomycin in venous blood							"Mark A. Miller, ORCID:0000-0001-9076-6066 & Chris Stoeckert, ORCID ORCID:0000-0002-5714-991X"			subclass		assay			venous blood							'vancomycin'			
OBI:3100179	NA assay for valproic acid in venous blood							"Mark A. Miller, ORCID:0000-0001-9076-6066 & Chris Stoeckert, ORCID ORCID:0000-0002-5714-991X"			subclass		assay			venous blood							'valproic acid'			
OBI:3100180	NA assay for fructosamine in venous blood							"Mark A. Miller, ORCID:0000-0001-9076-6066 & Chris Stoeckert, ORCID ORCID:0000-0002-5714-991X"			subclass		assay			venous blood							'fructosamine'			
OBI:3100181	"Glucose, whole blood assay for glucose in venous blood"							"Mark A. Miller, ORCID:0000-0001-9076-6066 & Chris Stoeckert, ORCID ORCID:0000-0002-5714-991X"			subclass		assay			venous blood							'glucose'			
OBI:3100182	NA assay for phenytoin in venous blood							"Mark A. Miller, ORCID:0000-0001-9076-6066 & Chris Stoeckert, ORCID ORCID:0000-0002-5714-991X"			subclass		assay			venous blood							'phenytoin'			
OBI:3100183	NA assay for levetiracetam in venous blood							"Mark A. Miller, ORCID:0000-0001-9076-6066 & Chris Stoeckert, ORCID ORCID:0000-0002-5714-991X"			subclass		assay			venous blood							'levetiracetam'			
OBI:3100184	Vitamin B12 + folate assay for folates in venous blood							"Mark A. Miller, ORCID:0000-0001-9076-6066 & Chris Stoeckert, ORCID ORCID:0000-0002-5714-991X"			subclass		assay			venous blood							'folates'			
OBI:3100185	"Bilirubin, direct assay for bilirubin IXalpha in venous blood"							"Mark A. Miller, ORCID:0000-0001-9076-6066 & Chris Stoeckert, ORCID ORCID:0000-0002-5714-991X"			subclass		assay			venous blood							'bilirubin IXalpha'			
OBI:3100186	NA assay for bilirubin IXalpha in venous blood							"Mark A. Miller, ORCID:0000-0001-9076-6066 & Chris Stoeckert, ORCID ORCID:0000-0002-5714-991X"			subclass		assay			venous blood							'bilirubin IXalpha'			
OBI:3100187	"blood gas, venous assay for carbon dioxide in venous blood"							"Mark A. Miller, ORCID:0000-0001-9076-6066 & Chris Stoeckert, ORCID ORCID:0000-0002-5714-991X"			subclass		assay			venous blood							'carbon dioxide'			
OBI:3100188	Vitamin E assay for alpha-tocopherol in venous blood							"Mark A. Miller, ORCID:0000-0001-9076-6066 & Chris Stoeckert, ORCID ORCID:0000-0002-5714-991X"			subclass		assay			venous blood							'alpha-tocopherol'			
OBI:3100189	Vitamin A assay for vitamin A in venous blood							"Mark A. Miller, ORCID:0000-0001-9076-6066 & Chris Stoeckert, ORCID ORCID:0000-0002-5714-991X"			subclass		assay			venous blood							'vitamin A'			
OBI:3100190	NA assay for aldosterone in venous blood							"Mark A. Miller, ORCID:0000-0001-9076-6066 & Chris Stoeckert, ORCID ORCID:0000-0002-5714-991X"			subclass		assay			venous blood							'aldosterone'			
OBI:3100191	T4 (with T3 uptake?) assay for thyroxine in venous blood							"Mark A. Miller, ORCID:0000-0001-9076-6066 & Chris Stoeckert, ORCID ORCID:0000-0002-5714-991X"			subclass		assay			venous blood							'thyroxine'			
OBI:3100192	NA assay for copper molecular entity in venous blood							"Mark A. Miller, ORCID:0000-0001-9076-6066 & Chris Stoeckert, ORCID ORCID:0000-0002-5714-991X"			subclass		assay			venous blood							'copper molecular entity'			
OBI:3100193	NA assay for homocysteine in venous blood							"Mark A. Miller, ORCID:0000-0001-9076-6066 & Chris Stoeckert, ORCID ORCID:0000-0002-5714-991X"			subclass		assay			venous blood							'homocysteine'			
OBI:3100194	NA assay for ethanol in venous blood							"Mark A. Miller, ORCID:0000-0001-9076-6066 & Chris Stoeckert, ORCID ORCID:0000-0002-5714-991X"			subclass		assay			venous blood							'ethanol'			
OBI:3100195	NA assay for selenium molecular entity in venous blood							"Mark A. Miller, ORCID:0000-0001-9076-6066 & Chris Stoeckert, ORCID ORCID:0000-0002-5714-991X"			subclass		assay			venous blood							'selenium molecular entity'			
OBI:3100196	NA assay for zinc molecular entity in venous blood							"Mark A. Miller, ORCID:0000-0001-9076-6066 & Chris Stoeckert, ORCID ORCID:0000-0002-5714-991X"			subclass		assay			venous blood							'zinc molecular entity'			
OBI:3100197	Vitamin C assay for vitamin C in venous blood							"Mark A. Miller, ORCID:0000-0001-9076-6066 & Chris Stoeckert, ORCID ORCID:0000-0002-5714-991X"			subclass		assay			venous blood							'vitamin C'			
OBI:3100198	"Lipid panel, reflex LDL, total assay for triglyceride in venous blood"							"Mark A. Miller, ORCID:0000-0001-9076-6066 & Chris Stoeckert, ORCID ORCID:0000-0002-5714-991X"			subclass		assay			venous blood							'triglyceride'			
OBI:3100199	"Lipid panel, reflex LDL, total assay for cholesterol in venous blood"							"Mark A. Miller, ORCID:0000-0001-9076-6066 & Chris Stoeckert, ORCID ORCID:0000-0002-5714-991X"			subclass		assay			venous blood							'cholesterol'			
OBI:3100200	"Lipid panel, reflex LDL, total assay for high-density lipoprotein cholesterol in venous blood"							"Mark A. Miller, ORCID:0000-0001-9076-6066 & Chris Stoeckert, ORCID ORCID:0000-0002-5714-991X"			subclass		assay			venous blood							'high-density lipoprotein cholesterol'			
OBI:3100201	NA assay for protein in cerebrospinal fluid							"Mark A. Miller, ORCID:0000-0001-9076-6066 & Chris Stoeckert, ORCID ORCID:0000-0002-5714-991X"			subclass		assay			cerebrospinal fluid							'protein'			
OBI:3100202	NA assay for glucose in cerebrospinal fluid							"Mark A. Miller, ORCID:0000-0001-9076-6066 & Chris Stoeckert, ORCID ORCID:0000-0002-5714-991X"			subclass		assay			cerebrospinal fluid							'glucose'			
OBI:3100203	"Protein, CSF assay for protein in cerebrospinal fluid"							"Mark A. Miller, ORCID:0000-0001-9076-6066 & Chris Stoeckert, ORCID ORCID:0000-0002-5714-991X"			subclass		assay			cerebrospinal fluid							'protein'			
OBI:3100204	"Glucose, CSF assay for glucose in cerebrospinal fluid"							"Mark A. Miller, ORCID:0000-0001-9076-6066 & Chris Stoeckert, ORCID ORCID:0000-0002-5714-991X"			subclass		assay			cerebrospinal fluid							'glucose'			
OBI:3100205	"metabolic panel, comprehensive assay for glucose in chorionic villus"							"Mark A. Miller, ORCID:0000-0001-9076-6066 & Chris Stoeckert, ORCID ORCID:0000-0002-5714-991X"			subclass		assay			chorionic villus							'glucose'			
OBI:3100206	"metabolic panel, comprehensive assay for protein in chorionic villus"							"Mark A. Miller, ORCID:0000-0001-9076-6066 & Chris Stoeckert, ORCID ORCID:0000-0002-5714-991X"			subclass		assay			chorionic villus							'protein'			
OBI:3100207	"metabolic panel, comprehensive assay for potassium molecular entity in chorionic villus"							"Mark A. Miller, ORCID:0000-0001-9076-6066 & Chris Stoeckert, ORCID ORCID:0000-0002-5714-991X"			subclass		assay			chorionic villus							'potassium molecular entity'			
OBI:3100208	"metabolic panel, comprehensive assay for chloride in chorionic villus"							"Mark A. Miller, ORCID:0000-0001-9076-6066 & Chris Stoeckert, ORCID ORCID:0000-0002-5714-991X"			subclass		assay			chorionic villus							'chloride'			
OBI:3100209	"metabolic panel, comprehensive assay for carbon dioxide in chorionic villus"							"Mark A. Miller, ORCID:0000-0001-9076-6066 & Chris Stoeckert, ORCID ORCID:0000-0002-5714-991X"			subclass		assay			chorionic villus							'carbon dioxide'			
OBI:3100210	"metabolic panel, comprehensive assay for calcium molecular entity in chorionic villus"							"Mark A. Miller, ORCID:0000-0001-9076-6066 & Chris Stoeckert, ORCID ORCID:0000-0002-5714-991X"			subclass		assay			chorionic villus							'calcium molecular entity'			
OBI:3100211	"metabolic panel, comprehensive assay for creatinine in chorionic villus"							"Mark A. Miller, ORCID:0000-0001-9076-6066 & Chris Stoeckert, ORCID ORCID:0000-0002-5714-991X"			subclass		assay			chorionic villus							'creatinine'			
OBI:3100212	"metabolic panel, comprehensive assay for bilirubin IXalpha in chorionic villus"							"Mark A. Miller, ORCID:0000-0001-9076-6066 & Chris Stoeckert, ORCID ORCID:0000-0002-5714-991X"			subclass		assay			chorionic villus							'bilirubin IXalpha'			
OBI:3100213	"metabolic panel, comprehensive assay for sodium molecular entity in chorionic villus"							"Mark A. Miller, ORCID:0000-0001-9076-6066 & Chris Stoeckert, ORCID ORCID:0000-0002-5714-991X"			subclass		assay			chorionic villus							'sodium molecular entity'			
OBI:3100214	Lipid screen assay for triglyceride in chorionic villus							"Mark A. Miller, ORCID:0000-0001-9076-6066 & Chris Stoeckert, ORCID ORCID:0000-0002-5714-991X"			subclass		assay			chorionic villus							'triglyceride'			
OBI:3100215	Lipid screen assay for high-density lipoprotein cholesterol in chorionic villus							"Mark A. Miller, ORCID:0000-0001-9076-6066 & Chris Stoeckert, ORCID ORCID:0000-0002-5714-991X"			subclass		assay			chorionic villus							'high-density lipoprotein cholesterol'			
OBI:3100216	Lipid screen assay for cholesterol in chorionic villus							"Mark A. Miller, ORCID:0000-0001-9076-6066 & Chris Stoeckert, ORCID ORCID:0000-0002-5714-991X"			subclass		assay			chorionic villus							'cholesterol'			
OBI:3100217	Creatinine assay for creatinine in chorionic villus							"Mark A. Miller, ORCID:0000-0001-9076-6066 & Chris Stoeckert, ORCID ORCID:0000-0002-5714-991X"			subclass		assay			chorionic villus							'creatinine'			
OBI:3100218	"metabolic panel, basic assay for chloride in chorionic villus"							"Mark A. Miller, ORCID:0000-0001-9076-6066 & Chris Stoeckert, ORCID ORCID:0000-0002-5714-991X"			subclass		assay			chorionic villus							'chloride'			
OBI:3100219	"metabolic panel, basic assay for sodium molecular entity in chorionic villus"							"Mark A. Miller, ORCID:0000-0001-9076-6066 & Chris Stoeckert, ORCID ORCID:0000-0002-5714-991X"			subclass		assay			chorionic villus							'sodium molecular entity'			
OBI:3100220	"metabolic panel, basic assay for calcium molecular entity in chorionic villus"							"Mark A. Miller, ORCID:0000-0001-9076-6066 & Chris Stoeckert, ORCID ORCID:0000-0002-5714-991X"			subclass		assay			chorionic villus							'calcium molecular entity'			
OBI:3100221	"metabolic panel, basic assay for creatinine in chorionic villus"							"Mark A. Miller, ORCID:0000-0001-9076-6066 & Chris Stoeckert, ORCID ORCID:0000-0002-5714-991X"			subclass		assay			chorionic villus							'creatinine'			
OBI:3100222	"metabolic panel, basic assay for carbon dioxide in chorionic villus"							"Mark A. Miller, ORCID:0000-0001-9076-6066 & Chris Stoeckert, ORCID ORCID:0000-0002-5714-991X"			subclass		assay			chorionic villus							'carbon dioxide'			
OBI:3100223	"metabolic panel, basic assay for glucose in chorionic villus"							"Mark A. Miller, ORCID:0000-0001-9076-6066 & Chris Stoeckert, ORCID ORCID:0000-0002-5714-991X"			subclass		assay			chorionic villus							'glucose'			
OBI:3100224	"metabolic panel, basic assay for potassium molecular entity in chorionic villus"							"Mark A. Miller, ORCID:0000-0001-9076-6066 & Chris Stoeckert, ORCID ORCID:0000-0002-5714-991X"			subclass		assay			chorionic villus							'potassium molecular entity'			
OBI:3100225	Magnesium assay for magnesium molecular entity in chorionic villus							"Mark A. Miller, ORCID:0000-0001-9076-6066 & Chris Stoeckert, ORCID ORCID:0000-0002-5714-991X"			subclass		assay			chorionic villus							'magnesium molecular entity'			
OBI:3100226	"Protein, total assay for protein in chorionic villus"							"Mark A. Miller, ORCID:0000-0001-9076-6066 & Chris Stoeckert, ORCID ORCID:0000-0002-5714-991X"			subclass		assay			chorionic villus							'protein'			
OBI:3100227	"Glucose, plasma, POC assay for glucose in chorionic villus"							"Mark A. Miller, ORCID:0000-0001-9076-6066 & Chris Stoeckert, ORCID ORCID:0000-0002-5714-991X"			subclass		assay			chorionic villus							'glucose'			
OBI:3100228	"Glucose, whole blood assay for glucose in chorionic villus"							"Mark A. Miller, ORCID:0000-0001-9076-6066 & Chris Stoeckert, ORCID ORCID:0000-0002-5714-991X"			subclass		assay			chorionic villus							'glucose'			
OBI:3100229	"Lactic acid, whole blood assay for lactate in chorionic villus"							"Mark A. Miller, ORCID:0000-0001-9076-6066 & Chris Stoeckert, ORCID ORCID:0000-0002-5714-991X"			subclass		assay			chorionic villus							'lactate'			
OBI:3100230	"blood gas, arterial assay for lactate in chorionic villus"							"Mark A. Miller, ORCID:0000-0001-9076-6066 & Chris Stoeckert, ORCID ORCID:0000-0002-5714-991X"			subclass		assay			chorionic villus							'lactate'			
OBI:3100231	Glucose assay for glucose in chorionic villus							"Mark A. Miller, ORCID:0000-0001-9076-6066 & Chris Stoeckert, ORCID ORCID:0000-0002-5714-991X"			subclass		assay			chorionic villus							'glucose'			
OBI:3100232	Chloride assay for chloride in chorionic villus							"Mark A. Miller, ORCID:0000-0001-9076-6066 & Chris Stoeckert, ORCID ORCID:0000-0002-5714-991X"			subclass		assay			chorionic villus							'chloride'			
OBI:3100233	NA assay for calcium molecular entity in chorionic villus							"Mark A. Miller, ORCID:0000-0001-9076-6066 & Chris Stoeckert, ORCID ORCID:0000-0002-5714-991X"			subclass		assay			chorionic villus							'calcium molecular entity'			
OBI:3100234	"blood gas, venous assay for sodium molecular entity in chorionic villus"							"Mark A. Miller, ORCID:0000-0001-9076-6066 & Chris Stoeckert, ORCID ORCID:0000-0002-5714-991X"			subclass		assay			chorionic villus							'sodium molecular entity'			
OBI:3100235	"blood gas, venous assay for glucose in chorionic villus"							"Mark A. Miller, ORCID:0000-0001-9076-6066 & Chris Stoeckert, ORCID ORCID:0000-0002-5714-991X"			subclass		assay			chorionic villus							'glucose'			
OBI:3100236	"blood gas, venous assay for calcium(2+) in chorionic villus"							"Mark A. Miller, ORCID:0000-0001-9076-6066 & Chris Stoeckert, ORCID ORCID:0000-0002-5714-991X"			subclass		assay			chorionic villus							'calcium(2+)'			
OBI:3100237	"blood gas, venous assay for chloride in chorionic villus"							"Mark A. Miller, ORCID:0000-0001-9076-6066 & Chris Stoeckert, ORCID ORCID:0000-0002-5714-991X"			subclass		assay			chorionic villus							'chloride'			
OBI:3100238	"blood gas, venous assay for potassium molecular entity in chorionic villus"							"Mark A. Miller, ORCID:0000-0001-9076-6066 & Chris Stoeckert, ORCID ORCID:0000-0002-5714-991X"			subclass		assay			chorionic villus							'potassium molecular entity'			
OBI:3100239	"blood gas, venous assay for lactate in chorionic villus"							"Mark A. Miller, ORCID:0000-0001-9076-6066 & Chris Stoeckert, ORCID ORCID:0000-0002-5714-991X"			subclass		assay			chorionic villus							'lactate'			
OBI:3100240	NA assay for potassium molecular entity in chorionic villus							"Mark A. Miller, ORCID:0000-0001-9076-6066 & Chris Stoeckert, ORCID ORCID:0000-0002-5714-991X"			subclass		assay			chorionic villus							'potassium molecular entity'			
OBI:3100241	Electrolytes assay for lactate in chorionic villus							"Mark A. Miller, ORCID:0000-0001-9076-6066 & Chris Stoeckert, ORCID ORCID:0000-0002-5714-991X"			subclass		assay			chorionic villus							'lactate'			
OBI:3100242	Electrolytes assay for calcium(2+) in chorionic villus							"Mark A. Miller, ORCID:0000-0001-9076-6066 & Chris Stoeckert, ORCID ORCID:0000-0002-5714-991X"			subclass		assay			chorionic villus							'calcium(2+)'			
OBI:3100243	"Creatinine, POC assay for creatinine in chorionic villus"							"Mark A. Miller, ORCID:0000-0001-9076-6066 & Chris Stoeckert, ORCID ORCID:0000-0002-5714-991X"			subclass		assay			chorionic villus							'creatinine'			
OBI:3100244	NA assay for sodium molecular entity in chorionic villus							"Mark A. Miller, ORCID:0000-0001-9076-6066 & Chris Stoeckert, ORCID ORCID:0000-0002-5714-991X"			subclass		assay			chorionic villus							'sodium molecular entity'			
OBI:3100245	blood gas by co-oximetry assay for potassium molecular entity in chorionic villus							"Mark A. Miller, ORCID:0000-0001-9076-6066 & Chris Stoeckert, ORCID ORCID:0000-0002-5714-991X"			subclass		assay			chorionic villus							'potassium molecular entity'			
OBI:3100246	blood gas by co-oximetry assay for carbon dioxide in chorionic villus							"Mark A. Miller, ORCID:0000-0001-9076-6066 & Chris Stoeckert, ORCID ORCID:0000-0002-5714-991X"			subclass		assay			chorionic villus							'carbon dioxide'			
OBI:3100247	blood gas by co-oximetry assay for calcium(2+) in chorionic villus							"Mark A. Miller, ORCID:0000-0001-9076-6066 & Chris Stoeckert, ORCID ORCID:0000-0002-5714-991X"			subclass		assay			chorionic villus							'calcium(2+)'			
OBI:3100248	blood gas by co-oximetry assay for glucose in chorionic villus							"Mark A. Miller, ORCID:0000-0001-9076-6066 & Chris Stoeckert, ORCID ORCID:0000-0002-5714-991X"			subclass		assay			chorionic villus							'glucose'			
OBI:3100249	blood gas by co-oximetry assay for sodium molecular entity in chorionic villus							"Mark A. Miller, ORCID:0000-0001-9076-6066 & Chris Stoeckert, ORCID ORCID:0000-0002-5714-991X"			subclass		assay			chorionic villus							'sodium molecular entity'			
OBI:3100250	NA assay for calcium(2+) in chorionic villus							"Mark A. Miller, ORCID:0000-0001-9076-6066 & Chris Stoeckert, ORCID ORCID:0000-0002-5714-991X"			subclass		assay			chorionic villus							'calcium(2+)'			
OBI:3100251	"Bilirubin, direct assay for bilirubin IXalpha in chorionic villus"							"Mark A. Miller, ORCID:0000-0001-9076-6066 & Chris Stoeckert, ORCID ORCID:0000-0002-5714-991X"			subclass		assay			chorionic villus							'bilirubin IXalpha'			
OBI:3100252	Vitamin D subtypes assay for calcidiol in blood serum							"Mark A. Miller, ORCID:0000-0001-9076-6066 & Chris Stoeckert, ORCID ORCID:0000-0002-5714-991X"			subclass		assay			blood serum							'calcidiol'			
OBI:3100253	"Creatinine, urine, random assay for creatinine in urine"							"Mark A. Miller, ORCID:0000-0001-9076-6066 & Chris Stoeckert, ORCID ORCID:0000-0002-5714-991X"			subclass		assay			urine							'creatinine'			
OBI:3100254	"Electrophoresis, protein, urine assay for protein in urine"							"Mark A. Miller, ORCID:0000-0001-9076-6066 & Chris Stoeckert, ORCID ORCID:0000-0002-5714-991X"			subclass		assay			urine							'protein'			
OBI:3100255	NA assay for creatinine in urine							"Mark A. Miller, ORCID:0000-0001-9076-6066 & Chris Stoeckert, ORCID ORCID:0000-0002-5714-991X"			subclass		assay			urine							'creatinine'			
OBI:3100256	NA assay for protein in urine							"Mark A. Miller, ORCID:0000-0001-9076-6066 & Chris Stoeckert, ORCID ORCID:0000-0002-5714-991X"			subclass		assay			urine							'protein'			
OBI:3100257	Electrolytes assay for potassium molecular entity in urine							"Mark A. Miller, ORCID:0000-0001-9076-6066 & Chris Stoeckert, ORCID ORCID:0000-0002-5714-991X"			subclass		assay			urine							'potassium molecular entity'			
OBI:3100258	"Electrolytes, urine, random assay for potassium molecular entity in urine"							"Mark A. Miller, ORCID:0000-0001-9076-6066 & Chris Stoeckert, ORCID ORCID:0000-0002-5714-991X"			subclass		assay			urine							'potassium molecular entity'			
OBI:3100260	NA assay for ethanol in urine							"Mark A. Miller, ORCID:0000-0001-9076-6066 & Chris Stoeckert, ORCID ORCID:0000-0002-5714-991X"			subclass		assay			urine							'ethanol'			
OBI:3100261	Liver panel assay for bilirubin IXalpha in NA							"Mark A. Miller, ORCID:0000-0001-9076-6066 & Chris Stoeckert, ORCID ORCID:0000-0002-5714-991X"			subclass		assay										'bilirubin IXalpha'			
OBI:3100262	Lipid screen assay for cholesterol in NA							"Mark A. Miller, ORCID:0000-0001-9076-6066 & Chris Stoeckert, ORCID ORCID:0000-0002-5714-991X"			subclass		assay										'cholesterol'			
OBI:3100263	Lipid screen assay for triglyceride in NA							"Mark A. Miller, ORCID:0000-0001-9076-6066 & Chris Stoeckert, ORCID ORCID:0000-0002-5714-991X"			subclass		assay										'triglyceride'			
OBI:3100264	Lipid screen assay for high-density lipoprotein cholesterol in NA							"Mark A. Miller, ORCID:0000-0001-9076-6066 & Chris Stoeckert, ORCID ORCID:0000-0002-5714-991X"			subclass		assay										'high-density lipoprotein cholesterol'			
OBI:3100265	"metabolic panel, comprehensive assay for sodium molecular entity in NA"							"Mark A. Miller, ORCID:0000-0001-9076-6066 & Chris Stoeckert, ORCID ORCID:0000-0002-5714-991X"			subclass		assay										'sodium molecular entity'			
OBI:3100266	"metabolic panel, comprehensive assay for bilirubin IXalpha in NA"							"Mark A. Miller, ORCID:0000-0001-9076-6066 & Chris Stoeckert, ORCID ORCID:0000-0002-5714-991X"			subclass		assay										'bilirubin IXalpha'			
OBI:3100267	"metabolic panel, comprehensive assay for glucose in NA"							"Mark A. Miller, ORCID:0000-0001-9076-6066 & Chris Stoeckert, ORCID ORCID:0000-0002-5714-991X"			subclass		assay										'glucose'			
OBI:3100268	"metabolic panel, comprehensive assay for creatinine in NA"							"Mark A. Miller, ORCID:0000-0001-9076-6066 & Chris Stoeckert, ORCID ORCID:0000-0002-5714-991X"			subclass		assay										'creatinine'			
OBI:3100269	"metabolic panel, comprehensive assay for potassium molecular entity in NA"							"Mark A. Miller, ORCID:0000-0001-9076-6066 & Chris Stoeckert, ORCID ORCID:0000-0002-5714-991X"			subclass		assay										'potassium molecular entity'			
OBI:3100270	"metabolic panel, comprehensive assay for chloride in NA"							"Mark A. Miller, ORCID:0000-0001-9076-6066 & Chris Stoeckert, ORCID ORCID:0000-0002-5714-991X"			subclass		assay										'chloride'			
OBI:3100271	"metabolic panel, comprehensive assay for carbon dioxide in NA"							"Mark A. Miller, ORCID:0000-0001-9076-6066 & Chris Stoeckert, ORCID ORCID:0000-0002-5714-991X"			subclass		assay										'carbon dioxide'			
OBI:3100272	"metabolic panel, comprehensive assay for calcium molecular entity in NA"							"Mark A. Miller, ORCID:0000-0001-9076-6066 & Chris Stoeckert, ORCID ORCID:0000-0002-5714-991X"			subclass		assay										'calcium molecular entity'			
OBI:3100273	"metabolic panel, comprehensive assay for protein in NA"							"Mark A. Miller, ORCID:0000-0001-9076-6066 & Chris Stoeckert, ORCID ORCID:0000-0002-5714-991X"			subclass		assay										'protein'			
OBI:3100274	Iron/transferrin/transferrin satuartion assay for iron molecular entity in NA							"Mark A. Miller, ORCID:0000-0001-9076-6066 & Chris Stoeckert, ORCID ORCID:0000-0002-5714-991X"			subclass		assay										'iron molecular entity'			
OBI:3100275	Thyroid stimulating hormone with reflex free T4 assay for thyroxine in NA							"Mark A. Miller, ORCID:0000-0001-9076-6066 & Chris Stoeckert, ORCID ORCID:0000-0002-5714-991X"			subclass		assay										'thyroxine'			
OBI:3100276	"metabolic panel, basic assay for sodium molecular entity in NA"							"Mark A. Miller, ORCID:0000-0001-9076-6066 & Chris Stoeckert, ORCID ORCID:0000-0002-5714-991X"			subclass		assay										'sodium molecular entity'			
OBI:3100277	"metabolic panel, basic assay for chloride in NA"							"Mark A. Miller, ORCID:0000-0001-9076-6066 & Chris Stoeckert, ORCID ORCID:0000-0002-5714-991X"			subclass		assay										'chloride'			
OBI:3100278	"metabolic panel, basic assay for carbon dioxide in NA"							"Mark A. Miller, ORCID:0000-0001-9076-6066 & Chris Stoeckert, ORCID ORCID:0000-0002-5714-991X"			subclass		assay										'carbon dioxide'			
OBI:3100279	"metabolic panel, basic assay for calcium molecular entity in NA"							"Mark A. Miller, ORCID:0000-0001-9076-6066 & Chris Stoeckert, ORCID ORCID:0000-0002-5714-991X"			subclass		assay										'calcium molecular entity'			
OBI:3100280	"metabolic panel, basic assay for creatinine in NA"							"Mark A. Miller, ORCID:0000-0001-9076-6066 & Chris Stoeckert, ORCID ORCID:0000-0002-5714-991X"			subclass		assay										'creatinine'			
OBI:3100281	"metabolic panel, basic assay for potassium molecular entity in NA"							"Mark A. Miller, ORCID:0000-0001-9076-6066 & Chris Stoeckert, ORCID ORCID:0000-0002-5714-991X"			subclass		assay										'potassium molecular entity'			
OBI:3100282	"metabolic panel, basic assay for glucose in NA"							"Mark A. Miller, ORCID:0000-0001-9076-6066 & Chris Stoeckert, ORCID ORCID:0000-0002-5714-991X"			subclass		assay										'glucose'			
OBI:3100283	Liver panel assay for protein in NA							"Mark A. Miller, ORCID:0000-0001-9076-6066 & Chris Stoeckert, ORCID ORCID:0000-0002-5714-991X"			subclass		assay										'protein'			
OBI:3100284	NA assay for creatinine in NA							"Mark A. Miller, ORCID:0000-0001-9076-6066 & Chris Stoeckert, ORCID ORCID:0000-0002-5714-991X"			subclass		assay										'creatinine'			
OBI:3100285	"Cholesterol, HDL assay for high-density lipoprotein cholesterol in NA"							"Mark A. Miller, ORCID:0000-0001-9076-6066 & Chris Stoeckert, ORCID ORCID:0000-0002-5714-991X"			subclass		assay										'high-density lipoprotein cholesterol'			
OBI:3100286	"Cholesterol, HDL assay for cholesterol in NA"							"Mark A. Miller, ORCID:0000-0001-9076-6066 & Chris Stoeckert, ORCID ORCID:0000-0002-5714-991X"			subclass		assay										'cholesterol'			
OBI:3100287	NA assay for digoxin in NA							"Mark A. Miller, ORCID:0000-0001-9076-6066 & Chris Stoeckert, ORCID ORCID:0000-0002-5714-991X"			subclass		assay										'digoxin'			
OBI:3100288	NA assay for uric acid in NA							"Mark A. Miller, ORCID:0000-0001-9076-6066 & Chris Stoeckert, ORCID ORCID:0000-0002-5714-991X"			subclass		assay										'uric acid'			
OBI:3100289	Glucose assay for glucose in NA							"Mark A. Miller, ORCID:0000-0001-9076-6066 & Chris Stoeckert, ORCID ORCID:0000-0002-5714-991X"			subclass		assay										'glucose'			
OBI:3100290	NA assay for protein in NA							"Mark A. Miller, ORCID:0000-0001-9076-6066 & Chris Stoeckert, ORCID ORCID:0000-0002-5714-991X"			subclass		assay										'protein'			
OBI:3100291	Phosphorus assay for phosphate(3-) in NA							"Mark A. Miller, ORCID:0000-0001-9076-6066 & Chris Stoeckert, ORCID ORCID:0000-0002-5714-991X"			subclass		assay										'phosphate(3-)'			
OBI:3100292	Creatineine clearance assay for creatinine in NA							"Mark A. Miller, ORCID:0000-0001-9076-6066 & Chris Stoeckert, ORCID ORCID:0000-0002-5714-991X"			subclass		assay										'creatinine'			
OBI:3100293	NA assay for lithium molecular entity in NA							"Mark A. Miller, ORCID:0000-0001-9076-6066 & Chris Stoeckert, ORCID ORCID:0000-0002-5714-991X"			subclass		assay										'lithium molecular entity'			
OBI:3100294	"Creatine, serum assay for creatinine in NA"							"Mark A. Miller, ORCID:0000-0001-9076-6066 & Chris Stoeckert, ORCID ORCID:0000-0002-5714-991X"			subclass		assay										'creatinine'			
OBI:3100295	NA assay for calcium molecular entity in NA							"Mark A. Miller, ORCID:0000-0001-9076-6066 & Chris Stoeckert, ORCID ORCID:0000-0002-5714-991X"			subclass		assay										'calcium molecular entity'			
OBI:3100296	Phosphate assay for phosphate(3-) in NA							"Mark A. Miller, ORCID:0000-0001-9076-6066 & Chris Stoeckert, ORCID ORCID:0000-0002-5714-991X"			subclass		assay										'phosphate(3-)'			
OBI:3100297	NA assay for cholesterol in NA							"Mark A. Miller, ORCID:0000-0001-9076-6066 & Chris Stoeckert, ORCID ORCID:0000-0002-5714-991X"			subclass		assay										'cholesterol'			
OBI:3100298	NA assay for very-low-density lipoprotein cholesterol in NA							"Mark A. Miller, ORCID:0000-0001-9076-6066 & Chris Stoeckert, ORCID ORCID:0000-0002-5714-991X"			subclass		assay										'very-low-density lipoprotein cholesterol'			
OBI:3100299	NA assay for high-density lipoprotein cholesterol in NA							"Mark A. Miller, ORCID:0000-0001-9076-6066 & Chris Stoeckert, ORCID ORCID:0000-0002-5714-991X"			subclass		assay										'high-density lipoprotein cholesterol'			
OBI:3100300	NA assay for triglyceride in NA							"Mark A. Miller, ORCID:0000-0001-9076-6066 & Chris Stoeckert, ORCID ORCID:0000-0002-5714-991X"			subclass		assay										'triglyceride'			
OBI:3100301	Iron assay for iron molecular entity in NA							"Mark A. Miller, ORCID:0000-0001-9076-6066 & Chris Stoeckert, ORCID ORCID:0000-0002-5714-991X"			subclass		assay										'iron molecular entity'			
OBI:3100302	"Cholesterol, LDL direct assay for low-density lipoprotein cholesterol in NA"							"Mark A. Miller, ORCID:0000-0001-9076-6066 & Chris Stoeckert, ORCID ORCID:0000-0002-5714-991X"			subclass		assay										'low-density lipoprotein cholesterol'			
OBI:3100303	NA assay for homocysteine in NA							"Mark A. Miller, ORCID:0000-0001-9076-6066 & Chris Stoeckert, ORCID ORCID:0000-0002-5714-991X"			subclass		assay										'homocysteine'			
OBI:3100304	"Protein, total assay for protein in NA"							"Mark A. Miller, ORCID:0000-0001-9076-6066 & Chris Stoeckert, ORCID ORCID:0000-0002-5714-991X"			subclass		assay										'protein'			
OBI:3100305	Folate assay for folates in NA							"Mark A. Miller, ORCID:0000-0001-9076-6066 & Chris Stoeckert, ORCID ORCID:0000-0002-5714-991X"			subclass		assay										'folates'			
OBI:3100306	NA assay for testosterone in NA							"Mark A. Miller, ORCID:0000-0001-9076-6066 & Chris Stoeckert, ORCID ORCID:0000-0002-5714-991X"			subclass		assay										'testosterone'			
OBI:3100307	Magnesium assay for magnesium molecular entity in NA							"Mark A. Miller, ORCID:0000-0001-9076-6066 & Chris Stoeckert, ORCID ORCID:0000-0002-5714-991X"			subclass		assay										'magnesium molecular entity'			
OBI:3100308	Cholesterol assay for cholesterol in NA							"Mark A. Miller, ORCID:0000-0001-9076-6066 & Chris Stoeckert, ORCID ORCID:0000-0002-5714-991X"			subclass		assay										'cholesterol'			
OBI:3100309	"Protein, total (?), urine, random assay for protein in NA"							"Mark A. Miller, ORCID:0000-0001-9076-6066 & Chris Stoeckert, ORCID ORCID:0000-0002-5714-991X"			subclass		assay										'protein'			
OBI:3100310	"Creatinine, urine, random assay for creatinine in NA"							"Mark A. Miller, ORCID:0000-0001-9076-6066 & Chris Stoeckert, ORCID ORCID:0000-0002-5714-991X"			subclass		assay										'creatinine'			
OBI:3100311	Vitamin D subtypes assay for calcidiol in NA							"Mark A. Miller, ORCID:0000-0001-9076-6066 & Chris Stoeckert, ORCID ORCID:0000-0002-5714-991X"			subclass		assay										'calcidiol'			
OBI:3100312	NA assay for zinc molecular entity in NA							"Mark A. Miller, ORCID:0000-0001-9076-6066 & Chris Stoeckert, ORCID ORCID:0000-0002-5714-991X"			subclass		assay										'zinc molecular entity'			
OBI:3100313	NA assay for mycophenolic acid in NA							"Mark A. Miller, ORCID:0000-0001-9076-6066 & Chris Stoeckert, ORCID ORCID:0000-0002-5714-991X"			subclass		assay										'mycophenolic acid'			
OBI:3100314	"Electrophoresis, protein, serum assay for protein in NA"							"Mark A. Miller, ORCID:0000-0001-9076-6066 & Chris Stoeckert, ORCID ORCID:0000-0002-5714-991X"			subclass		assay										'protein'			
OBI:3100315	NA assay for aldosterone in NA							"Mark A. Miller, ORCID:0000-0001-9076-6066 & Chris Stoeckert, ORCID ORCID:0000-0002-5714-991X"			subclass		assay										'aldosterone'			
OBI:3100316	Electrolytes assay for potassium molecular entity in NA							"Mark A. Miller, ORCID:0000-0001-9076-6066 & Chris Stoeckert, ORCID ORCID:0000-0002-5714-991X"			subclass		assay										'potassium molecular entity'			
OBI:3100317	"Protein, total, urine, random assay for protein in NA"							"Mark A. Miller, ORCID:0000-0001-9076-6066 & Chris Stoeckert, ORCID ORCID:0000-0002-5714-991X"			subclass		assay										'protein'			
OBI:3100318	"Protein, total, urine, random assay for creatinine in NA"							"Mark A. Miller, ORCID:0000-0001-9076-6066 & Chris Stoeckert, ORCID ORCID:0000-0002-5714-991X"			subclass		assay										'creatinine'			
OBI:3100319	"Creatine, 24 hour assay for creatinine in NA"							"Mark A. Miller, ORCID:0000-0001-9076-6066 & Chris Stoeckert, ORCID ORCID:0000-0002-5714-991X"			subclass		assay										'creatinine'			
OBI:3100320	"Electrophoresis, protein, urine assay for protein in NA"							"Mark A. Miller, ORCID:0000-0001-9076-6066 & Chris Stoeckert, ORCID ORCID:0000-0002-5714-991X"			subclass		assay										'protein'			
OBI:3100321	Total iron binding capacity assay for iron molecular entity in NA							"Mark A. Miller, ORCID:0000-0001-9076-6066 & Chris Stoeckert, ORCID ORCID:0000-0002-5714-991X"			subclass		assay										'iron molecular entity'			
OBI:3100322	"Protein, total, urine, 24 hour assay for protein in NA"							"Mark A. Miller, ORCID:0000-0001-9076-6066 & Chris Stoeckert, ORCID ORCID:0000-0002-5714-991X"			subclass		assay										'protein'			
OBI:3100323	"Creatineine clearance, 24 hour assay for creatinine in NA"							"Mark A. Miller, ORCID:0000-0001-9076-6066 & Chris Stoeckert, ORCID ORCID:0000-0002-5714-991X"			subclass		assay										'creatinine'			
OBI:3100324	Creatinine assay for creatinine in NA							"Mark A. Miller, ORCID:0000-0001-9076-6066 & Chris Stoeckert, ORCID ORCID:0000-0002-5714-991X"			subclass		assay										'creatinine'			
OBI:3100325	"Bilirubin, direct assay for bilirubin IXalpha in NA"							"Mark A. Miller, ORCID:0000-0001-9076-6066 & Chris Stoeckert, ORCID ORCID:0000-0002-5714-991X"			subclass		assay										'bilirubin IXalpha'			
OBI:3100326	"Parathyroid hormone, intact, with calcium assay for calcium molecular entity in NA"							"Mark A. Miller, ORCID:0000-0001-9076-6066 & Chris Stoeckert, ORCID ORCID:0000-0002-5714-991X"			subclass		assay										'calcium molecular entity'			
OBI:3100327	T4 assay for thyroxine in NA							"Mark A. Miller, ORCID:0000-0001-9076-6066 & Chris Stoeckert, ORCID ORCID:0000-0002-5714-991X"			subclass		assay										'thyroxine'			
OBI:3100328	NA assay for vitamin A in NA							"Mark A. Miller, ORCID:0000-0001-9076-6066 & Chris Stoeckert, ORCID ORCID:0000-0002-5714-991X"			subclass		assay										'vitamin A'			
OBI:3100329	NA assay for ethanol in NA							"Mark A. Miller, ORCID:0000-0001-9076-6066 & Chris Stoeckert, ORCID ORCID:0000-0002-5714-991X"			subclass		assay										'ethanol'			
OBI:3100330	NA assay for carbon dioxide in NA							"Mark A. Miller, ORCID:0000-0001-9076-6066 & Chris Stoeckert, ORCID ORCID:0000-0002-5714-991X"			subclass		assay										'carbon dioxide'			
OBI:3100331	NA assay for bilirubin IXalpha in NA							"Mark A. Miller, ORCID:0000-0001-9076-6066 & Chris Stoeckert, ORCID ORCID:0000-0002-5714-991X"			subclass		assay										'bilirubin IXalpha'			
OBI:3100332	NA assay for glucose in NA							"Mark A. Miller, ORCID:0000-0001-9076-6066 & Chris Stoeckert, ORCID ORCID:0000-0002-5714-991X"			subclass		assay										'glucose'			
OBI:3100333	NA assay for cortisol in NA							"Mark A. Miller, ORCID:0000-0001-9076-6066 & Chris Stoeckert, ORCID ORCID:0000-0002-5714-991X"			subclass		assay										'cortisol'			
OBI:3100334	NA assay for calcidiol in NA							"Mark A. Miller, ORCID:0000-0001-9076-6066 & Chris Stoeckert, ORCID ORCID:0000-0002-5714-991X"			subclass		assay										'calcidiol'			
OBI:3100335	NA assay for chloride in NA							"Mark A. Miller, ORCID:0000-0001-9076-6066 & Chris Stoeckert, ORCID ORCID:0000-0002-5714-991X"			subclass		assay										'chloride'			
OBI:3100336	NA assay for phosphate(3-) in NA							"Mark A. Miller, ORCID:0000-0001-9076-6066 & Chris Stoeckert, ORCID ORCID:0000-0002-5714-991X"			subclass		assay										'phosphate(3-)'			
OBI:3100337	NA assay for vitamin C in NA							"Mark A. Miller, ORCID:0000-0001-9076-6066 & Chris Stoeckert, ORCID ORCID:0000-0002-5714-991X"			subclass		assay										'vitamin C'			
OBI:3100338	NA assay for fructosamine in NA							"Mark A. Miller, ORCID:0000-0001-9076-6066 & Chris Stoeckert, ORCID ORCID:0000-0002-5714-991X"			subclass		assay										'fructosamine'			
OBI:3100339	NA assay for iron molecular entity in NA							"Mark A. Miller, ORCID:0000-0001-9076-6066 & Chris Stoeckert, ORCID ORCID:0000-0002-5714-991X"			subclass		assay										'iron molecular entity'			
OBI:3100340	NA assay for lactate in NA							"Mark A. Miller, ORCID:0000-0001-9076-6066 & Chris Stoeckert, ORCID ORCID:0000-0002-5714-991X"			subclass		assay										'lactate'			
OBI:3100341	NA assay for magnesium molecular entity in NA							"Mark A. Miller, ORCID:0000-0001-9076-6066 & Chris Stoeckert, ORCID ORCID:0000-0002-5714-991X"			subclass		assay										'magnesium molecular entity'			
OBI:3100342	NA assay for phosphorus molecular entity in NA							"Mark A. Miller, ORCID:0000-0001-9076-6066 & Chris Stoeckert, ORCID ORCID:0000-0002-5714-991X"			subclass		assay										'phosphorus molecular entity'			
OBI:3100343	NA assay for potassium molecular entity in NA							"Mark A. Miller, ORCID:0000-0001-9076-6066 & Chris Stoeckert, ORCID ORCID:0000-0002-5714-991X"			subclass		assay										'potassium molecular entity'			
OBI:3100344	NA assay for sodium molecular entity in NA							"Mark A. Miller, ORCID:0000-0001-9076-6066 & Chris Stoeckert, ORCID ORCID:0000-0002-5714-991X"			subclass		assay										'sodium molecular entity'			
OBI:3100345	NA assay for thiamine in NA							"Mark A. Miller, ORCID:0000-0001-9076-6066 & Chris Stoeckert, ORCID ORCID:0000-0002-5714-991X"			subclass		assay										'thiamine'			
OBI:3100346	NA assay for calcium(2+) in NA							"Mark A. Miller, ORCID:0000-0001-9076-6066 & Chris Stoeckert, ORCID ORCID:0000-0002-5714-991X"			subclass		assay										'calcium(2+)'			
OBI:3100347	NA assay for thyroxine in NA							"Mark A. Miller, ORCID:0000-0001-9076-6066 & Chris Stoeckert, ORCID ORCID:0000-0002-5714-991X"			subclass		assay										'thyroxine'			
OBI:3100348	NA assay for valproic acid in NA							"Mark A. Miller, ORCID:0000-0001-9076-6066 & Chris Stoeckert, ORCID ORCID:0000-0002-5714-991X"			subclass		assay										'valproic acid'			
OBI:3100349	NA assay for low-density lipoprotein cholesterol in NA							"Mark A. Miller, ORCID:0000-0001-9076-6066 & Chris Stoeckert, ORCID ORCID:0000-0002-5714-991X"			subclass		assay										'low-density lipoprotein cholesterol'			
OBI:3100350	NA assay for folates in NA							"Mark A. Miller, ORCID:0000-0001-9076-6066 & Chris Stoeckert, ORCID ORCID:0000-0002-5714-991X"			subclass		assay										'folates'			
OBI:3100351	NA assay for phenytoin in NA							"Mark A. Miller, ORCID:0000-0001-9076-6066 & Chris Stoeckert, ORCID ORCID:0000-0002-5714-991X"			subclass		assay										'phenytoin'			